Transaction_ID,Timestamp,Date,Month,Day_of_Week,Is_Weekend,Emirate,Store_Name,Store_Format,Category,Sub_Category,Brand_Type,Units_Sold,Unit_Price_AED,Discount_Pct,Gross_Sales_AED,Net_Sales_AED,Cost_AED,Profit_AED,Sales_Channel,Payment_Method,Promotion,Age_Group,Gender,Loyalty_Member,Customer_Rating
TXN-00001,2025-10-01 09:54:47,2025-10-01,2025-10,Wednesday,No,Dubai,LuLu Al Qusais,Hypermarket,Fresh,Fruits & Vegetables,LuLu Private Label,4,9.96,0.0,39.84,39.84,32.08,7.76,In-store,Digital Wallet,No Promotion,25-34,Male,No,4
TXN-00002,2025-10-01 12:18:29,2025-10-01,2025-10,Wednesday,No,Abu Dhabi,LuLu Mushrif,Hypermarket,Grocery,Snacks,National Brand,5,5.73,0.0,28.65,28.65,24.43,4.22,In-store,Digital Wallet,No Promotion,25-34,Male,Yes,4
TXN-00003,2025-10-01 21:23:22,2025-10-01,2025-10,Wednesday,No,Sharjah,LuLu Muwaileh,Supermarket,Fashion,Women's Wear,National Brand,1,252.13,3.7,252.13,242.8,137.77,105.03,In-store,Cash,No Promotion,35-44,Female,No,4
TXN-00004,2025-10-02 15:11:18,2025-10-02,2025-10,Thursday,No,Abu Dhabi,LuLu Al Wahda,Hypermarket,Electronics,Mobile Phones,National Brand,1,1145.99,0.0,1145.99,1145.99,978.45,167.54,Online,Digital Wallet,No Promotion,25-34,Female,Yes,5
TXN-00005,2025-10-02 20:52:21,2025-10-02,2025-10,Thursday,No,Dubai,LuLu Al Barsha,Hypermarket,Grocery,Cooking Oil & Ghee,LuLu Private Label,9,41.79,0.0,376.11,376.11,325.44,50.67,In-store,Digital Wallet,No Promotion,55+,Female,Yes,5
TXN-00006,2025-10-03 20:48:27,2025-10-03,2025-10,Friday,No,Sharjah,LuLu Muwaileh,Supermarket,Home Decor,Bedding & Linen,LuLu Private Label,3,386.93,0.0,1160.79,1160.79,784.25,376.54,In-store,Digital Wallet,No Promotion,35-44,Male,No,4
TXN-00007,2025-10-03 23:01:30,2025-10-03,2025-10,Friday,No,Fujairah,LuLu Fujairah City,Hypermarket,Home Decor,Wall Art,National Brand,4,263.2,0.0,1052.8,1052.8,668.43,384.37,In-store,Card,No Promotion,45-54,Female,Yes,3
TXN-00008,2025-10-04 11:53:12,2025-10-04,2025-10,Saturday,Yes,Dubai,LuLu Silicon Oasis,Supermarket,Fresh,Dairy & Eggs,LuLu Private Label,1,15.51,0.0,15.51,15.51,12.61,2.9,In-store,Digital Wallet,No Promotion,18-24,Male,No,4
TXN-00009,2025-10-04 19:24:10,2025-10-04,2025-10,Saturday,Yes,Abu Dhabi,LuLu Al Wahda,Hypermarket,Fresh,Fruits & Vegetables,National Brand,12,21.46,0.0,257.52,257.52,209.94,47.58,In-store,Digital Wallet,No Promotion,35-44,Female,Yes,4
TXN-00010,2025-10-04 21:47:28,2025-10-04,2025-10,Saturday,Yes,Abu Dhabi,LuLu Mushrif,Hypermarket,Fresh,Fruits & Vegetables,LuLu Private Label,9,21.86,3.3,196.74,190.25,149.05,41.2,In-store,Card,Weekend Deal,35-44,Male,Yes,5
TXN-00011,2025-10-05 17:40:40,2025-10-05,2025-10,Sunday,Yes,Ajman,LuLu Al Nuaimiya,Express,Fresh,Seafood,National Brand,6,63.01,3.5,378.06,364.83,299.92,64.91,In-store,Card,Weekend Deal,18-24,Male,Yes,5
TXN-00012,2025-10-05 19:59:43,2025-10-05,2025-10,Sunday,Yes,Sharjah,LuLu Al Nahda,Hypermarket,Home Decor,Lighting,National Brand,3,194.4,0.0,583.2,583.2,343.81,239.39,In-store,Digital Wallet,No Promotion,18-24,Male,Yes,4
TXN-00013,2025-10-05 21:56:48,2025-10-05,2025-10,Sunday,Yes,Abu Dhabi,LuLu Al Reem,Express,Fresh,Dairy & Eggs,National Brand,4,6.72,0.0,26.88,26.88,21.66,5.22,In-store,Cash,No Promotion,35-44,Male,No,4
TXN-00014,2025-10-06 09:06:53,2025-10-06,2025-10,Monday,No,Dubai,LuLu Al Qusais,Hypermarket,Fresh,Dairy & Eggs,LuLu Private Label,10,26.87,0.0,268.7,268.7,207.34,61.36,Online,Card,No Promotion,25-34,Female,No,4
TXN-00015,2025-10-06 11:08:38,2025-10-06,2025-10,Monday,No,Umm Al Quwain,LuLu UAQ Central,Supermarket,Grocery,Cooking Oil & Ghee,National Brand,6,25.77,0.0,154.62,154.62,129.27,25.35,In-store,Cash,No Promotion,25-34,Female,No,5
TXN-00016,2025-10-07 11:41:12,2025-10-07,2025-10,Tuesday,No,Dubai,LuLu JLT,Express,Fresh,Bakery,National Brand,3,15.33,0.2,45.99,45.9,35.36,10.54,Online,Card,No Promotion,18-24,Male,Yes,5
TXN-00017,2025-10-07 19:45:31,2025-10-07,2025-10,Tuesday,No,Sharjah,LuLu Al Majaz,Express,Grocery,Snacks,National Brand,4,10.81,0.0,43.24,43.24,36.67,6.57,In-store,Cash,No Promotion,55+,Male,Yes,3
TXN-00018,2025-10-08 17:02:56,2025-10-08,2025-10,Wednesday,No,Abu Dhabi,LuLu Al Wahda,Hypermarket,Furniture,Storage & Wardrobes,National Brand,2,1375.3,0.0,2750.6,2750.6,1958.23,792.37,In-store,Card,No Promotion,35-44,Male,Yes,4
TXN-00019,2025-10-08 18:58:21,2025-10-08,2025-10,Wednesday,No,Dubai,LuLu JLT,Express,Grocery,Rice & Grains,National Brand,10,59.16,0.0,591.6,591.6,476.44,115.16,In-store,Cash,No Promotion,25-34,Male,No,3
TXN-00020,2025-10-08 21:39:42,2025-10-08,2025-10,Wednesday,No,Ajman,LuLu Al Nuaimiya,Express,Grocery,Cooking Oil & Ghee,National Brand,3,34.38,1.0,103.14,102.11,85.91,16.2,Online,Card,No Promotion,25-34,Male,No,1
TXN-00021,2025-10-09 15:14:23,2025-10-09,2025-10,Thursday,No,Abu Dhabi,LuLu Mushrif,Hypermarket,Fashion,Men's Wear,National Brand,4,208.95,0.0,835.8,835.8,476.27,359.53,In-store,Card,No Promotion,45-54,Male,Yes,5
TXN-00022,2025-10-09 18:19:13,2025-10-09,2025-10,Thursday,No,Dubai,LuLu Al Barsha,Hypermarket,Furniture,Office Chairs,National Brand,1,766.62,0.0,766.62,766.62,539.25,227.37,In-store,Card,No Promotion,35-44,Female,No,3
TXN-00023,2025-10-10 11:04:41,2025-10-10,2025-10,Friday,No,Ras Al Khaimah,LuLu Al Hamra,Supermarket,Fresh,Bakery,National Brand,11,7.56,1.1,83.16,82.25,67.04,15.21,In-store,Buy Now Pay Later,No Promotion,18-24,Female,No,2
TXN-00024,2025-10-10 17:24:11,2025-10-10,2025-10,Friday,No,Ajman,LuLu Al Jurf,Hypermarket,Home Decor,Rugs & Carpets,LuLu Private Label,1,578.73,0.0,578.73,578.73,400.69,178.04,Online,Digital Wallet,No Promotion,35-44,Male,Yes,5
TXN-00025,2025-10-10 17:55:19,2025-10-10,2025-10,Friday,No,Umm Al Quwain,LuLu UAQ Central,Supermarket,Fresh,Seafood,LuLu Private Label,10,42.24,1.8,422.4,414.8,314.18,100.62,In-store,Cash,No Promotion,55+,Male,Yes,5
TXN-00026,2025-10-11 20:26:08,2025-10-11,2025-10,Saturday,Yes,Abu Dhabi,LuLu Khalifa City,Supermarket,Grocery,Beverages,LuLu Private Label,2,9.43,0.0,18.86,18.86,16.09,2.77,In-store,Digital Wallet,No Promotion,25-34,Female,No,5
TXN-00027,2025-10-11 20:26:45,2025-10-11,2025-10,Saturday,Yes,Abu Dhabi,LuLu Mushrif,Hypermarket,Fashion,Women's Wear,National Brand,3,57.06,0.0,171.18,171.18,91.39,79.79,Online,Digital Wallet,No Promotion,25-34,Male,Yes,3
TXN-00028,2025-10-12 10:47:01,2025-10-12,2025-10,Sunday,Yes,Dubai,LuLu Al Qusais,Hypermarket,Grocery,Rice & Grains,LuLu Private Label,2,81.7,9.2,163.4,148.37,137.93,10.44,In-store,Digital Wallet,Weekend Deal,18-24,Female,No,4
TXN-00029,2025-10-12 15:10:51,2025-10-12,2025-10,Sunday,Yes,Sharjah,LuLu Al Majaz,Express,Grocery,Household Cleaning,LuLu Private Label,6,13.43,3.6,80.58,77.68,68.67,9.01,In-store,Digital Wallet,No Promotion,35-44,Male,Yes,5
TXN-00030,2025-10-12 18:40:21,2025-10-12,2025-10,Sunday,Yes,Abu Dhabi,LuLu Khalifa City,Supermarket,Grocery,Beverages,National Brand,5,18.22,0.0,91.1,91.1,77.47,13.63,Click & Collect,Digital Wallet,No Promotion,25-34,Male,Yes,3
TXN-00031,2025-10-12 21:13:50,2025-10-12,2025-10,Sunday,Yes,Dubai,LuLu Al Qusais,Hypermarket,Furniture,Sofas,National Brand,1,2569.15,0.0,2569.15,2569.15,1714.99,854.16,In-store,Buy Now Pay Later,No Promotion,18-24,Female,Yes,5
TXN-00032,2025-10-13 15:34:11,2025-10-13,2025-10,Monday,No,Sharjah,LuLu Al Nahda,Hypermarket,Fashion,Accessories,National Brand,3,121.33,3.2,363.99,352.34,206.43,145.91,In-store,Cash,No Promotion,18-24,Male,No,4
TXN-00033,2025-10-13 21:19:15,2025-10-13,2025-10,Monday,No,Dubai,LuLu Silicon Oasis,Supermarket,Fresh,Bakery,LuLu Private Label,4,6.16,2.2,24.64,24.1,18.76,5.34,In-store,Card,No Promotion,25-34,Male,No,4
TXN-00034,2025-10-15 15:04:27,2025-10-15,2025-10,Wednesday,No,Ras Al Khaimah,LuLu Al Hamra,Supermarket,Fresh,Seafood,LuLu Private Label,1,47.99,0.0,47.99,47.99,35.44,12.55,In-store,Cash,No Promotion,35-44,Female,Yes,5
TXN-00035,2025-10-15 16:19:34,2025-10-15,2025-10,Wednesday,No,Umm Al Quwain,LuLu UAQ Central,Supermarket,Grocery,Cooking Oil & Ghee,LuLu Private Label,5,20.47,2.1,102.35,100.2,83.51,16.69,Online,Card,No Promotion,35-44,Female,No,5
TXN-00036,2025-10-15 16:23:47,2025-10-15,2025-10,Wednesday,No,Sharjah,LuLu Al Majaz,Express,Fresh,Seafood,National Brand,11,73.02,0.0,803.22,803.22,611.06,192.16,In-store,Card,No Promotion,45-54,Female,No,5
TXN-00037,2025-10-15 18:58:01,2025-10-15,2025-10,Wednesday,No,Sharjah,LuLu Al Nahda,Hypermarket,Grocery,Household Cleaning,LuLu Private Label,4,30.22,0.0,120.88,120.88,102.64,18.24,In-store,Card,No Promotion,35-44,Male,No,2
TXN-00038,2025-10-15 22:56:37,2025-10-15,2025-10,Wednesday,No,Sharjah,LuLu Al Majaz,Express,Grocery,Snacks,National Brand,5,19.79,0.0,98.95,98.95,80.35,18.6,Online,Card,No Promotion,25-34,Female,Yes,4
TXN-00039,2025-10-17 17:56:19,2025-10-17,2025-10,Friday,No,Abu Dhabi,LuLu Mushrif,Hypermarket,Home Decor,Wall Art,National Brand,3,117.03,0.0,351.09,351.09,194.17,156.92,In-store,Card,No Promotion,25-34,Male,Yes,4
TXN-00040,2025-10-17 20:33:47,2025-10-17,2025-10,Friday,No,Abu Dhabi,LuLu Mushrif,Hypermarket,Grocery,Beverages,National Brand,2,20.88,0.0,41.76,41.76,35.4,6.36,In-store,Digital Wallet,No Promotion,45-54,Female,Yes,5
TXN-00041,2025-10-17 22:33:50,2025-10-17,2025-10,Friday,No,Dubai,LuLu Al Barsha,Hypermarket,Fresh,Seafood,National Brand,4,41.34,0.0,165.36,165.36,134.04,31.32,In-store,Digital Wallet,No Promotion,45-54,Female,No,4
TXN-00042,2025-10-17 22:54:23,2025-10-17,2025-10,Friday,No,Fujairah,LuLu Fujairah City,Hypermarket,Fresh,Seafood,National Brand,11,35.09,0.0,385.99,385.99,304.44,81.55,In-store,Cash,No Promotion,35-44,Male,Yes,4
TXN-00043,2025-10-17 22:57:56,2025-10-17,2025-10,Friday,No,Abu Dhabi,LuLu Khalifa City,Supermarket,Fresh,Meat & Poultry,National Brand,9,49.45,0.0,445.05,445.05,348.03,97.02,In-store,Cash,No Promotion,25-34,Male,No,5
TXN-00044,2025-10-18 12:26:32,2025-10-18,2025-10,Saturday,Yes,Dubai,LuLu Al Barsha,Hypermarket,Grocery,Household Cleaning,National Brand,5,21.8,0.0,109.0,109.0,89.22,19.78,In-store,Card,No Promotion,25-34,Male,Yes,3
TXN-00045,2025-10-18 14:18:20,2025-10-18,2025-10,Saturday,Yes,Abu Dhabi,LuLu Mushrif,Hypermarket,Fresh,Seafood,National Brand,4,56.74,0.0,226.96,226.96,185.78,41.18,In-store,Cash,No Promotion,25-34,Female,Yes,5
TXN-00046,2025-10-18 17:18:50,2025-10-18,2025-10,Saturday,Yes,Dubai,LuLu JLT,Express,Grocery,Beverages,LuLu Private Label,5,3.73,3.2,18.65,18.05,15.78,2.27,In-store,Card,No Promotion,25-34,Female,Yes,5
TXN-00047,2025-10-18 18:18:19,2025-10-18,2025-10,Saturday,Yes,Dubai,LuLu Al Qusais,Hypermarket,Fashion,Footwear,National Brand,1,247.63,0.0,247.63,247.63,140.17,107.46,In-store,Digital Wallet,No Promotion,18-24,Female,No,5
TXN-00048,2025-10-18 21:16:28,2025-10-18,2025-10,Saturday,Yes,Abu Dhabi,LuLu Khalifa City,Supermarket,Grocery,Snacks,National Brand,2,10.75,0.0,21.5,21.5,18.81,2.69,In-store,Card,No Promotion,35-44,Male,No,4
TXN-00049,2025-10-19 15:24:43,2025-10-19,2025-10,Sunday,Yes,Dubai,LuLu Silicon Oasis,Supermarket,Electronics,Small Appliances,National Brand,2,422.5,8.5,845.0,773.18,663.02,110.16,In-store,Cash,Weekend Deal,18-24,Male,Yes,5
TXN-00050,2025-10-20 12:52:06,2025-10-20,2025-10,Monday,No,Ajman,LuLu Al Nuaimiya,Express,Grocery,Snacks,LuLu Private Label,10,9.32,0.0,93.2,93.2,78.39,14.81,In-store,Card,No Promotion,18-24,Female,Yes,1
TXN-00051,2025-10-20 17:22:33,2025-10-20,2025-10,Monday,No,Dubai,LuLu Al Barsha,Hypermarket,Fresh,Seafood,National Brand,2,56.77,0.0,113.54,113.54,89.47,24.07,Online,Card,No Promotion,25-34,Female,Yes,3
TXN-00052,2025-10-20 17:45:37,2025-10-20,2025-10,Monday,No,Abu Dhabi,LuLu Mushrif,Hypermarket,Grocery,Rice & Grains,National Brand,1,15.43,3.4,15.43,14.91,12.87,2.04,In-store,Digital Wallet,No Promotion,45-54,Male,No,3
TXN-00053,2025-10-20 19:01:34,2025-10-20,2025-10,Monday,No,Dubai,LuLu Silicon Oasis,Supermarket,Electronics,Mobile Phones,National Brand,2,3222.46,0.0,6444.92,6444.92,5344.39,1100.53,Online,Card,No Promotion,55+,Female,Yes,4
TXN-00054,2025-10-20 19:53:11,2025-10-20,2025-10,Monday,No,Abu Dhabi,LuLu Khalifa City,Supermarket,Grocery,Household Cleaning,LuLu Private Label,2,32.43,0.0,64.86,64.86,56.48,8.38,In-store,Digital Wallet,No Promotion,45-54,Male,Yes,4
TXN-00055,2025-10-20 22:27:55,2025-10-20,2025-10,Monday,No,Umm Al Quwain,LuLu UAQ Central,Supermarket,Fashion,Men's Wear,National Brand,1,57.03,0.0,57.03,57.03,28.57,28.46,In-store,Cash,No Promotion,35-44,Female,Yes,4
TXN-00056,2025-10-21 14:35:10,2025-10-21,2025-10,Tuesday,No,Ajman,LuLu Al Jurf,Hypermarket,Grocery,Rice & Grains,LuLu Private Label,5,77.05,0.0,385.25,385.25,334.85,50.4,Online,Card,No Promotion,25-34,Female,No,4
TXN-00057,2025-10-21 17:13:48,2025-10-21,2025-10,Tuesday,No,Dubai,LuLu JLT,Express,Grocery,Cooking Oil & Ghee,National Brand,2,43.6,2.6,87.2,84.93,70.85,14.08,In-store,Cash,No Promotion,25-34,Male,Yes,4
TXN-00058,2025-10-21 19:00:33,2025-10-21,2025-10,Tuesday,No,Sharjah,LuLu Al Majaz,Express,Fresh,Dairy & Eggs,National Brand,8,13.32,1.8,106.56,104.64,84.36,20.28,In-store,Card,No Promotion,25-34,Male,Yes,5
TXN-00059,2025-10-22 16:18:29,2025-10-22,2025-10,Wednesday,No,Sharjah,LuLu Muwaileh,Supermarket,Fresh,Bakery,National Brand,3,16.49,0.0,49.47,49.47,39.57,9.9,In-store,Card,No Promotion,35-44,Female,No,3
TXN-00060,2025-10-22 20:23:41,2025-10-22,2025-10,Wednesday,No,Dubai,LuLu Silicon Oasis,Supermarket,Home Decor,Lighting,National Brand,1,128.1,3.8,128.1,123.23,87.37,35.86,In-store,Card,No Promotion,25-34,Male,Yes,5
TXN-00061,2025-10-23 11:33:21,2025-10-23,2025-10,Thursday,No,Dubai,LuLu Al Barsha,Hypermarket,Grocery,Household Cleaning,LuLu Private Label,10,35.6,0.0,356.0,356.0,292.1,63.9,In-store,Cash,No Promotion,35-44,Female,No,5
TXN-00062,2025-10-23 19:51:20,2025-10-23,2025-10,Thursday,No,Dubai,LuLu Silicon Oasis,Supermarket,Fashion,Footwear,LuLu Private Label,1,189.5,5.0,189.5,180.03,116.25,63.78,Online,Digital Wallet,No Promotion,45-54,Female,Yes,5
TXN-00063,2025-10-23 20:12:54,2025-10-23,2025-10,Thursday,No,Sharjah,LuLu Al Nahda,Hypermarket,Home Decor,Lighting,LuLu Private Label,3,398.72,0.0,1196.16,1196.16,814.13,382.03,Online,Card,No Promotion,45-54,Female,No,5
TXN-00064,2025-10-24 10:10:01,2025-10-24,2025-10,Friday,No,Abu Dhabi,LuLu Khalifa City,Supermarket,Grocery,Snacks,National Brand,1,10.15,0.3,10.15,10.12,8.65,1.47,In-store,Card,No Promotion,45-54,Male,No,1
TXN-00065,2025-10-24 19:46:20,2025-10-24,2025-10,Friday,No,Abu Dhabi,LuLu Al Wahda,Hypermarket,Electronics,Audio & Accessories,National Brand,2,821.78,1.6,1643.56,1617.26,1307.9,309.36,In-store,Buy Now Pay Later,No Promotion,55+,Female,Yes,5
TXN-00066,2025-10-25 16:19:32,2025-10-25,2025-10,Saturday,Yes,Sharjah,LuLu Al Nahda,Hypermarket,Electronics,Mobile Phones,National Brand,2,2705.99,0.0,5411.98,5411.98,4241.67,1170.31,Online,Card,No Promotion,25-34,Female,No,4
TXN-00067,2025-10-26 08:13:02,2025-10-26,2025-10,Sunday,Yes,Abu Dhabi,LuLu Al Reem,Express,Fresh,Bakery,LuLu Private Label,8,9.66,0.0,77.28,77.28,62.04,15.24,In-store,Card,No Promotion,45-54,Male,No,4
TXN-00068,2025-10-26 18:58:00,2025-10-26,2025-10,Sunday,Yes,Dubai,LuLu Silicon Oasis,Supermarket,Grocery,Beverages,National Brand,1,21.19,0.0,21.19,21.19,17.07,4.12,In-store,Cash,No Promotion,18-24,Female,Yes,5
TXN-00069,2025-10-27 10:50:15,2025-10-27,2025-10,Monday,No,Abu Dhabi,LuLu Al Wahda,Hypermarket,Fresh,Meat & Poultry,LuLu Private Label,8,52.81,0.0,422.48,422.48,344.99,77.49,In-store,Cash,No Promotion,35-44,Male,No,3
TXN-00070,2025-10-27 23:11:35,2025-10-27,2025-10,Monday,No,Abu Dhabi,LuLu Al Wahda,Hypermarket,Fresh,Dairy & Eggs,LuLu Private Label,9,8.06,0.0,72.54,72.54,53.1,19.44,In-store,Card,No Promotion,35-44,Female,Yes,3
TXN-00071,2025-10-29 11:38:32,2025-10-29,2025-10,Wednesday,No,Umm Al Quwain,LuLu UAQ Central,Supermarket,Fashion,Accessories,National Brand,1,147.39,0.0,147.39,147.39,86.35,61.04,In-store,Digital Wallet,No Promotion,35-44,Male,Yes,5
TXN-00072,2025-10-29 17:20:02,2025-10-29,2025-10,Wednesday,No,Abu Dhabi,LuLu Al Reem,Express,Grocery,Household Cleaning,LuLu Private Label,5,18.79,0.0,93.95,93.95,79.9,14.05,In-store,Card,No Promotion,25-34,Male,Yes,4
TXN-00073,2025-11-01 17:13:48,2025-11-01,2025-11,Saturday,Yes,Dubai,LuLu JLT,Express,Grocery,Snacks,LuLu Private Label,7,19.63,3.1,137.41,133.15,113.92,19.23,In-store,Cash,No Promotion,45-54,Male,Yes,5
TXN-00074,2025-11-01 20:19:55,2025-11-01,2025-11,Saturday,Yes,Sharjah,LuLu Al Majaz,Express,Fresh,Bakery,National Brand,7,17.3,1.1,121.1,119.77,98.23,21.54,In-store,Card,No Promotion,35-44,Female,No,1
TXN-00075,2025-11-02 15:28:18,2025-11-02,2025-11,Sunday,Yes,Abu Dhabi,LuLu Al Wahda,Hypermarket,Fresh,Dairy & Eggs,National Brand,9,24.59,0.1,221.31,221.09,171.49,49.6,In-store,Card,No Promotion,25-34,Female,No,4
TXN-00076,2025-11-03 09:42:04,2025-11-03,2025-11,Monday,No,Dubai,LuLu JLT,Express,Grocery,Rice & Grains,National Brand,1,73.95,0.0,73.95,73.95,59.34,14.61,Click & Collect,Card,No Promotion,45-54,Male,No,4
TXN-00077,2025-11-03 13:29:04,2025-11-03,2025-11,Monday,No,Abu Dhabi,LuLu Al Wahda,Hypermarket,Electronics,Laptops,National Brand,2,2546.85,0.0,5093.7,5093.7,4243.92,849.78,Online,Card,No Promotion,45-54,Female,No,5
TXN-00078,2025-11-03 15:58:02,2025-11-03,2025-11,Monday,No,Dubai,LuLu Silicon Oasis,Supermarket,Grocery,Household Cleaning,LuLu Private Label,5,30.46,0.6,152.3,151.39,130.27,21.12,In-store,Card,No Promotion,35-44,Male,No,5
TXN-00079,2025-11-03 17:56:55,2025-11-03,2025-11,Monday,No,Abu Dhabi,LuLu Al Wahda,Hypermarket,Electronics,Audio & Accessories,National Brand,2,643.7,0.0,1287.4,1287.4,1044.91,242.49,In-store,Cash,No Promotion,35-44,Male,Yes,2
TXN-00080,2025-11-03 19:57:17,2025-11-03,2025-11,Monday,No,Dubai,LuLu Al Qusais,Hypermarket,Fresh,Fruits & Vegetables,National Brand,2,24.61,0.0,49.22,49.22,39.66,9.56,In-store,Cash,No Promotion,35-44,Male,Yes,2
TXN-00081,2025-11-04 12:41:59,2025-11-04,2025-11,Tuesday,No,Sharjah,LuLu Al Majaz,Express,Fresh,Seafood,National Brand,3,68.27,0.5,204.81,203.79,158.49,45.3,In-store,Card,No Promotion,25-34,Male,Yes,5
TXN-00082,2025-11-04 14:11:33,2025-11-04,2025-11,Tuesday,No,Umm Al Quwain,LuLu UAQ Central,Supermarket,Fashion,Kids' Wear,National Brand,3,76.29,0.0,228.87,228.87,143.0,85.87,Online,Digital Wallet,No Promotion,18-24,Male,No,1
TXN-00083,2025-11-05 11:01:13,2025-11-05,2025-11,Wednesday,No,Sharjah,LuLu Al Majaz,Express,Grocery,Beverages,LuLu Private Label,1,14.71,3.7,14.71,14.17,12.19,1.98,In-store,Card,No Promotion,18-24,Male,Yes,5
TXN-00084,2025-11-05 17:58:03,2025-11-05,2025-11,Wednesday,No,Fujairah,LuLu Fujairah City,Hypermarket,Fresh,Bakery,LuLu Private Label,4,5.67,0.0,22.68,22.68,16.95,5.73,In-store,Card,No Promotion,25-34,Female,No,4
TXN-00085,2025-11-06 17:25:29,2025-11-06,2025-11,Thursday,No,Umm Al Quwain,LuLu UAQ Central,Supermarket,Grocery,Household Cleaning,LuLu Private Label,1,21.52,0.0,21.52,21.52,17.33,4.19,Online,Card,No Promotion,55+,Female,No,3
TXN-00086,2025-11-07 10:02:24,2025-11-07,2025-11,Friday,No,Abu Dhabi,LuLu Khalifa City,Supermarket,Home Decor,Kitchenware,National Brand,1,46.56,0.0,46.56,46.56,25.8,20.76,Online,Card,No Promotion,25-34,Male,No,4
TXN-00087,2025-11-07 10:49:12,2025-11-07,2025-11,Friday,No,Fujairah,LuLu Fujairah City,Hypermarket,Grocery,Cooking Oil & Ghee,LuLu Private Label,4,41.74,0.0,166.96,166.96,134.44,32.52,In-store,Digital Wallet,No Promotion,25-34,Female,No,4
TXN-00088,2025-11-07 14:57:21,2025-11-07,2025-11,Friday,No,Abu Dhabi,LuLu Al Wahda,Hypermarket,Grocery,Household Cleaning,LuLu Private Label,9,32.6,0.4,293.4,292.23,242.84,49.39,Online,Buy Now Pay Later,No Promotion,35-44,Female,Yes,4
TXN-00089,2025-11-07 20:43:01,2025-11-07,2025-11,Friday,No,Dubai,LuLu Silicon Oasis,Supermarket,Grocery,Snacks,National Brand,9,16.38,0.0,147.42,147.42,121.31,26.11,In-store,Digital Wallet,No Promotion,35-44,Female,Yes,4
TXN-00090,2025-11-07 23:32:01,2025-11-07,2025-11,Friday,No,Dubai,LuLu Al Qusais,Hypermarket,Electronics,Small Appliances,National Brand,2,266.22,2.6,532.44,518.6,437.03,81.57,In-store,Card,No Promotion,25-34,Female,No,5
TXN-00091,2025-11-08 11:44:05,2025-11-08,2025-11,Saturday,Yes,Dubai,LuLu Al Qusais,Hypermarket,Fashion,Accessories,National Brand,3,155.16,13.8,465.48,401.24,297.69,103.55,Online,Card,Weekend Deal,25-34,Male,Yes,4
TXN-00092,2025-11-08 18:51:15,2025-11-08,2025-11,Saturday,Yes,Abu Dhabi,LuLu Khalifa City,Supermarket,Fresh,Seafood,National Brand,4,33.43,0.0,133.72,133.72,109.19,24.53,In-store,Buy Now Pay Later,No Promotion,18-24,Male,No,2
TXN-00093,2025-11-09 08:26:37,2025-11-09,2025-11,Sunday,Yes,Ras Al Khaimah,LuLu Al Hamra,Supermarket,Fashion,Women's Wear,LuLu Private Label,4,229.86,0.0,919.44,919.44,532.8,386.64,In-store,Cash,No Promotion,45-54,Female,Yes,5
TXN-00094,2025-11-09 17:33:15,2025-11-09,2025-11,Sunday,Yes,Ajman,LuLu Al Nuaimiya,Express,Grocery,Household Cleaning,National Brand,9,11.8,8.7,106.2,96.96,87.96,9.0,In-store,Card,Weekend Deal,35-44,Male,No,4
TXN-00095,2025-11-09 20:24:35,2025-11-09,2025-11,Sunday,Yes,Abu Dhabi,LuLu Al Wahda,Hypermarket,Furniture,Beds & Mattresses,National Brand,1,2600.9,12.0,2600.9,2288.79,1654.79,634.0,Online,Card,Weekend Deal,25-34,Female,No,5
TXN-00096,2025-11-09 20:36:08,2025-11-09,2025-11,Sunday,Yes,Dubai,LuLu Silicon Oasis,Supermarket,Electronics,Small Appliances,National Brand,1,458.64,0.8,458.64,454.97,372.01,82.96,Online,Card,No Promotion,25-34,Male,Yes,4
TXN-00097,2025-11-10 14:51:09,2025-11-10,2025-11,Monday,No,Fujairah,LuLu Fujairah City,Hypermarket,Fashion,Kids' Wear,National Brand,1,134.42,2.8,134.42,130.66,78.46,52.2,In-store,Cash,No Promotion,35-44,Male,No,2
TXN-00098,2025-11-10 15:30:14,2025-11-10,2025-11,Monday,No,Dubai,LuLu Al Qusais,Hypermarket,Grocery,Household Cleaning,National Brand,7,12.88,1.5,90.16,88.81,73.12,15.69,In-store,Card,No Promotion,25-34,Female,Yes,2
TXN-00099,2025-11-10 20:45:10,2025-11-10,2025-11,Monday,No,Dubai,LuLu Silicon Oasis,Supermarket,Fresh,Seafood,LuLu Private Label,12,30.38,0.0,364.56,364.56,264.25,100.31,In-store,Buy Now Pay Later,No Promotion,35-44,Female,No,5
TXN-00100,2025-11-10 22:51:05,2025-11-10,2025-11,Monday,No,Umm Al Quwain,LuLu UAQ Central,Supermarket,Home Decor,Kitchenware,National Brand,1,30.78,5.0,30.78,29.24,18.71,10.53,In-store,Card,No Promotion,45-54,Male,Yes,5
TXN-00101,2025-11-11 11:08:58,2025-11-11,2025-11,Tuesday,No,Abu Dhabi,LuLu Al Reem,Express,Fresh,Seafood,National Brand,12,70.07,0.6,840.84,835.79,617.73,218.06,In-store,Card,No Promotion,55+,Male,No,4
TXN-00102,2025-11-11 11:15:55,2025-11-11,2025-11,Tuesday,No,Dubai,LuLu JLT,Express,Grocery,Cooking Oil & Ghee,National Brand,6,15.09,0.0,90.54,90.54,77.14,13.4,In-store,Cash,No Promotion,45-54,Male,Yes,4
TXN-00103,2025-11-11 22:03:02,2025-11-11,2025-11,Tuesday,No,Dubai,LuLu Al Qusais,Hypermarket,Grocery,Beverages,National Brand,8,9.31,2.2,74.48,72.84,64.73,8.11,In-store,Cash,No Promotion,18-24,Male,Yes,4
TXN-00104,2025-11-11 22:17:30,2025-11-11,2025-11,Tuesday,No,Umm Al Quwain,LuLu UAQ Central,Supermarket,Grocery,Snacks,LuLu Private Label,2,12.79,1.1,25.58,25.3,21.39,3.91,In-store,Card,No Promotion,25-34,Male,Yes,3
TXN-00105,2025-11-12 19:22:13,2025-11-12,2025-11,Wednesday,No,Abu Dhabi,LuLu Al Wahda,Hypermarket,Fresh,Dairy & Eggs,LuLu Private Label,12,11.81,0.0,141.72,141.72,110.57,31.15,In-store,Cash,No Promotion,55+,Male,No,4
TXN-00106,2025-11-12 19:28:30,2025-11-12,2025-11,Wednesday,No,Dubai,LuLu Al Qusais,Hypermarket,Furniture,Office Chairs,National Brand,2,767.18,0.0,1534.36,1534.36,1092.86,441.5,In-store,Digital Wallet,No Promotion,18-24,Female,Yes,4
TXN-00107,2025-11-13 11:34:05,2025-11-13,2025-11,Thursday,No,Abu Dhabi,LuLu Al Reem,Express,Fresh,Meat & Poultry,LuLu Private Label,4,44.51,2.3,178.04,173.95,134.89,39.06,In-store,Card,No Promotion,25-34,Male,Yes,4
TXN-00108,2025-11-13 14:06:18,2025-11-13,2025-11,Thursday,No,Dubai,LuLu Al Barsha,Hypermarket,Fresh,Dairy & Eggs,National Brand,2,14.53,0.0,29.06,29.06,21.76,7.3,In-store,Card,No Promotion,18-24,Male,No,3
TXN-00109,2025-11-13 14:18:03,2025-11-13,2025-11,Thursday,No,Dubai,LuLu JLT,Express,Grocery,Beverages,National Brand,3,5.77,0.0,17.31,17.31,14.97,2.34,Click & Collect,Card,No Promotion,25-34,Female,Yes,4
TXN-00110,2025-11-13 16:46:41,2025-11-13,2025-11,Thursday,No,Fujairah,LuLu Fujairah City,Hypermarket,Fresh,Dairy & Eggs,National Brand,4,14.33,0.0,57.32,57.32,42.84,14.48,In-store,Cash,No Promotion,35-44,Male,No,4
TXN-00111,2025-11-13 22:12:49,2025-11-13,2025-11,Thursday,No,Ajman,LuLu Al Nuaimiya,Express,Grocery,Household Cleaning,National Brand,2,13.68,0.0,27.36,27.36,23.87,3.49,In-store,Card,No Promotion,55+,Female,Yes,5
TXN-00112,2025-11-13 23:14:13,2025-11-13,2025-11,Thursday,No,Abu Dhabi,LuLu Khalifa City,Supermarket,Grocery,Household Cleaning,National Brand,7,43.59,3.2,305.13,295.37,251.19,44.18,In-store,Digital Wallet,No Promotion,45-54,Male,No,3
TXN-00113,2025-11-14 16:10:03,2025-11-14,2025-11,Friday,No,Abu Dhabi,LuLu Al Reem,Express,Grocery,Household Cleaning,National Brand,4,44.74,0.0,178.96,178.96,144.07,34.89,In-store,Card,No Promotion,25-34,Female,No,5
TXN-00114,2025-11-14 21:30:37,2025-11-14,2025-11,Friday,No,Dubai,LuLu JLT,Express,Fresh,Bakery,LuLu Private Label,7,8.99,0.0,62.93,62.93,48.02,14.91,Click & Collect,Digital Wallet,No Promotion,35-44,Male,No,5
TXN-00115,2025-11-15 09:59:05,2025-11-15,2025-11,Saturday,Yes,Ajman,LuLu Al Nuaimiya,Express,Grocery,Household Cleaning,National Brand,4,26.62,0.8,106.48,105.63,92.7,12.93,In-store,Cash,No Promotion,18-24,Male,No,4
TXN-00116,2025-11-15 17:58:25,2025-11-15,2025-11,Saturday,Yes,Sharjah,LuLu Muwaileh,Supermarket,Home Decor,Rugs & Carpets,National Brand,2,576.07,6.8,1152.14,1073.79,800.14,273.65,In-store,Digital Wallet,Weekend Deal,45-54,Male,No,3
TXN-00117,2025-11-15 23:17:28,2025-11-15,2025-11,Saturday,Yes,Sharjah,LuLu Muwaileh,Supermarket,Furniture,Storage & Wardrobes,LuLu Private Label,1,781.53,0.0,781.53,781.53,551.98,229.55,Click & Collect,Card,No Promotion,25-34,Female,Yes,4
TXN-00118,2025-11-15 23:22:35,2025-11-15,2025-11,Saturday,Yes,Sharjah,LuLu Al Nahda,Hypermarket,Grocery,Cooking Oil & Ghee,LuLu Private Label,4,42.84,0.0,171.36,171.36,149.28,22.08,In-store,Digital Wallet,No Promotion,18-24,Male,Yes,1
TXN-00119,2025-11-16 08:43:34,2025-11-16,2025-11,Sunday,Yes,Ajman,LuLu Al Nuaimiya,Express,Fresh,Fruits & Vegetables,LuLu Private Label,3,19.33,0.0,57.99,57.99,41.92,16.07,In-store,Digital Wallet,No Promotion,35-44,Female,No,3
TXN-00120,2025-11-16 08:50:54,2025-11-16,2025-11,Sunday,Yes,Abu Dhabi,LuLu Al Reem,Express,Grocery,Snacks,LuLu Private Label,8,7.88,0.0,63.04,63.04,51.74,11.3,In-store,Card,No Promotion,18-24,Male,No,4
TXN-00121,2025-11-16 09:50:56,2025-11-16,2025-11,Sunday,Yes,Abu Dhabi,LuLu Mushrif,Hypermarket,Grocery,Rice & Grains,National Brand,4,21.98,0.0,87.92,87.92,76.14,11.78,In-store,Card,No Promotion,45-54,Male,Yes,4
TXN-00122,2025-11-16 18:32:31,2025-11-16,2025-11,Sunday,Yes,Dubai,LuLu Silicon Oasis,Supermarket,Electronics,Audio & Accessories,National Brand,2,701.63,9.0,1403.26,1276.97,1178.2,98.77,In-store,Cash,Weekend Deal,35-44,Male,No,4
TXN-00123,2025-11-17 12:49:18,2025-11-17,2025-11,Monday,No,Fujairah,LuLu Fujairah City,Hypermarket,Grocery,Beverages,National Brand,5,8.3,0.7,41.5,41.21,36.03,5.18,In-store,Digital Wallet,No Promotion,25-34,Male,No,5
TXN-00124,2025-11-17 13:46:45,2025-11-17,2025-11,Monday,No,Sharjah,LuLu Al Nahda,Hypermarket,Fresh,Meat & Poultry,National Brand,11,29.55,0.8,325.05,322.45,258.44,64.01,Online,Card,No Promotion,25-34,Male,Yes,1
TXN-00125,2025-11-17 14:12:00,2025-11-17,2025-11,Monday,No,Dubai,LuLu JLT,Express,Fresh,Meat & Poultry,LuLu Private Label,2,57.69,0.0,115.38,115.38,93.89,21.49,In-store,Digital Wallet,No Promotion,35-44,Male,Yes,3
TXN-00126,2025-11-17 14:34:26,2025-11-17,2025-11,Monday,No,Ajman,LuLu Al Nuaimiya,Express,Fresh,Bakery,LuLu Private Label,11,7.32,0.0,80.52,80.52,64.64,15.88,Click & Collect,Digital Wallet,No Promotion,25-34,Female,Yes,5
TXN-00127,2025-11-18 19:27:25,2025-11-18,2025-11,Tuesday,No,Fujairah,LuLu Fujairah City,Hypermarket,Home Decor,Kitchenware,National Brand,2,85.67,0.0,171.34,171.34,97.92,73.42,In-store,Cash,No Promotion,25-34,Female,No,4
TXN-00128,2025-11-18 20:28:13,2025-11-18,2025-11,Tuesday,No,Sharjah,LuLu Al Nahda,Hypermarket,Home Decor,Kitchenware,National Brand,4,82.82,0.0,331.28,331.28,202.3,128.98,Online,Card,No Promotion,45-54,Male,Yes,2
TXN-00129,2025-11-18 23:43:53,2025-11-18,2025-11,Tuesday,No,Sharjah,LuLu Al Majaz,Express,Grocery,Household Cleaning,LuLu Private Label,4,38.67,0.0,154.68,154.68,129.82,24.86,In-store,Buy Now Pay Later,No Promotion,25-34,Male,No,5
TXN-00130,2025-11-19 12:22:43,2025-11-19,2025-11,Wednesday,No,Dubai,LuLu Al Barsha,Hypermarket,Fresh,Fruits & Vegetables,National Brand,10,9.05,0.0,90.5,90.5,70.33,20.17,In-store,Card,No Promotion,18-24,Female,Yes,5
TXN-00131,2025-11-19 13:40:17,2025-11-19,2025-11,Wednesday,No,Abu Dhabi,LuLu Al Wahda,Hypermarket,Fresh,Bakery,LuLu Private Label,9,9.81,0.0,88.29,88.29,69.03,19.26,Online,Card,No Promotion,45-54,Male,Yes,4
TXN-00132,2025-11-19 20:46:34,2025-11-19,2025-11,Wednesday,No,Sharjah,LuLu Al Nahda,Hypermarket,Fashion,Footwear,National Brand,2,88.23,0.0,176.46,176.46,107.91,68.55,In-store,Digital Wallet,No Promotion,35-44,Male,Yes,1
TXN-00133,2025-11-19 22:09:30,2025-11-19,2025-11,Wednesday,No,Dubai,LuLu Al Qusais,Hypermarket,Furniture,Sofas,National Brand,1,3292.01,0.0,3292.01,3292.01,2212.72,1079.29,Online,Card,No Promotion,25-34,Male,Yes,4
TXN-00134,2025-11-19 23:46:21,2025-11-19,2025-11,Wednesday,No,Sharjah,LuLu Al Majaz,Express,Fresh,Meat & Poultry,National Brand,4,23.95,0.0,95.8,95.8,77.77,18.03,In-store,Cash,No Promotion,45-54,Male,Yes,5
TXN-00135,2025-11-20 11:19:18,2025-11-20,2025-11,Thursday,No,Abu Dhabi,LuLu Mushrif,Hypermarket,Fresh,Bakery,LuLu Private Label,5,10.08,2.1,50.4,49.34,37.55,11.79,In-store,Cash,No Promotion,45-54,Male,No,2
TXN-00136,2025-11-20 21:31:09,2025-11-20,2025-11,Thursday,No,Abu Dhabi,LuLu Al Wahda,Hypermarket,Electronics,Televisions,National Brand,2,1494.98,0.0,2989.96,2989.96,2341.89,648.07,In-store,Cash,No Promotion,25-34,Male,Yes,4
TXN-00137,2025-11-21 09:52:51,2025-11-21,2025-11,Friday,No,Ajman,LuLu Al Nuaimiya,Express,Fresh,Dairy & Eggs,National Brand,5,29.39,0.0,146.95,146.95,118.97,27.98,Click & Collect,Card,No Promotion,55+,Female,No,4
TXN-00138,2025-11-21 15:10:40,2025-11-21,2025-11,Friday,No,Abu Dhabi,LuLu Khalifa City,Supermarket,Home Decor,Wall Art,National Brand,4,138.59,0.0,554.36,554.36,353.63,200.73,In-store,Digital Wallet,No Promotion,35-44,Male,No,5
TXN-00139,2025-11-21 19:55:17,2025-11-21,2025-11,Friday,No,Dubai,LuLu Al Barsha,Hypermarket,Fresh,Fruits & Vegetables,National Brand,2,20.79,24.7,41.58,31.31,32.36,-1.05,In-store,Card,White Friday,35-44,Female,No,4
TXN-00140,2025-11-21 20:44:35,2025-11-21,2025-11,Friday,No,Ajman,LuLu Al Nuaimiya,Express,Grocery,Household Cleaning,National Brand,5,32.66,0.0,163.3,163.3,133.91,29.39,Online,Card,No Promotion,35-44,Male,No,5
TXN-00141,2025-11-21 21:45:32,2025-11-21,2025-11,Friday,No,Sharjah,LuLu Al Majaz,Express,Furniture,Dining Sets,National Brand,1,3135.41,0.0,3135.41,3135.41,2311.7,823.71,In-store,Card,No Promotion,25-34,Male,Yes,5
TXN-00142,2025-11-21 22:07:24,2025-11-21,2025-11,Friday,No,Dubai,LuLu JLT,Express,Home Decor,Wall Art,National Brand,3,246.71,45.3,740.13,404.85,471.83,-66.98,Online,Digital Wallet,White Friday,18-24,Male,Yes,4
TXN-00143,2025-11-22 13:52:17,2025-11-22,2025-11,Saturday,Yes,Sharjah,LuLu Al Nahda,Hypermarket,Home Decor,Lighting,National Brand,4,267.42,25.8,1069.68,793.7,659.16,134.54,In-store,Digital Wallet,White Friday,35-44,Male,Yes,4
TXN-00144,2025-11-22 14:40:26,2025-11-22,2025-11,Saturday,Yes,Abu Dhabi,LuLu Khalifa City,Supermarket,Furniture,Beds & Mattresses,National Brand,1,2257.26,42.9,2257.26,1288.9,1562.1,-273.2,In-store,Buy Now Pay Later,White Friday,35-44,Male,Yes,4
TXN-00145,2025-11-22 15:10:03,2025-11-22,2025-11,Saturday,Yes,Sharjah,LuLu Muwaileh,Supermarket,Fashion,Kids' Wear,LuLu Private Label,2,102.98,38.0,205.96,127.7,122.18,5.52,In-store,Cash,White Friday,45-54,Male,Yes,4
TXN-00146,2025-11-22 16:15:25,2025-11-22,2025-11,Saturday,Yes,Dubai,LuLu Al Qusais,Hypermarket,Electronics,Mobile Phones,National Brand,2,2774.08,27.2,5548.16,4039.06,4592.52,-553.46,In-store,Cash,White Friday,55+,Male,Yes,5
TXN-00147,2025-11-22 18:01:04,2025-11-22,2025-11,Saturday,Yes,Dubai,LuLu Silicon Oasis,Supermarket,Fresh,Dairy & Eggs,LuLu Private Label,8,13.92,7.3,111.36,103.23,85.15,18.08,Click & Collect,Buy Now Pay Later,Weekend Deal,25-34,Male,Yes,4
TXN-00148,2025-11-22 20:47:47,2025-11-22,2025-11,Saturday,Yes,Ajman,LuLu Al Nuaimiya,Express,Fresh,Bakery,LuLu Private Label,9,13.96,0.5,125.64,125.01,101.45,23.56,In-store,Cash,No Promotion,25-34,Female,No,4
TXN-00149,2025-11-22 23:27:06,2025-11-22,2025-11,Saturday,Yes,Sharjah,LuLu Muwaileh,Supermarket,Grocery,Beverages,National Brand,8,21.96,33.9,175.68,116.12,144.39,-28.27,In-store,Digital Wallet,White Friday,18-24,Male,Yes,4
TXN-00150,2025-11-23 09:59:51,2025-11-23,2025-11,Sunday,Yes,Sharjah,LuLu Muwaileh,Supermarket,Grocery,Snacks,LuLu Private Label,7,12.09,26.9,84.63,61.86,71.17,-9.31,In-store,Card,White Friday,35-44,Male,No,4
TXN-00151,2025-11-23 10:34:15,2025-11-23,2025-11,Sunday,Yes,Abu Dhabi,LuLu Khalifa City,Supermarket,Fashion,Kids' Wear,National Brand,5,42.36,49.2,211.8,107.59,112.0,-4.41,In-store,Card,White Friday,45-54,Male,Yes,4
TXN-00152,2025-11-23 13:32:25,2025-11-23,2025-11,Sunday,Yes,Dubai,LuLu Al Qusais,Hypermarket,Furniture,Office Chairs,National Brand,2,365.32,38.0,730.64,453.0,476.56,-23.56,In-store,Card,White Friday,18-24,Male,Yes,5
TXN-00153,2025-11-23 17:29:14,2025-11-23,2025-11,Sunday,Yes,Sharjah,LuLu Al Majaz,Express,Fresh,Seafood,National Brand,3,72.47,21.0,217.41,171.75,169.55,2.2,In-store,Buy Now Pay Later,White Friday,35-44,Male,Yes,5
TXN-00154,2025-11-23 18:04:33,2025-11-23,2025-11,Sunday,Yes,Umm Al Quwain,LuLu UAQ Central,Supermarket,Home Decor,Rugs & Carpets,National Brand,5,513.08,35.9,2565.4,1644.42,1626.54,17.88,Click & Collect,Buy Now Pay Later,White Friday,45-54,Female,Yes,4
TXN-00155,2025-11-23 20:01:54,2025-11-23,2025-11,Sunday,Yes,Dubai,LuLu Al Barsha,Hypermarket,Fashion,Women's Wear,National Brand,1,208.22,35.9,208.22,133.47,124.57,8.9,In-store,Card,White Friday,45-54,Female,Yes,4
TXN-00156,2025-11-24 10:26:09,2025-11-24,2025-11,Monday,No,Ajman,LuLu Al Nuaimiya,Express,Grocery,Household Cleaning,National Brand,6,16.19,35.7,97.14,62.46,84.94,-22.48,In-store,Card,White Friday,25-34,Female,No,5
TXN-00157,2025-11-24 13:43:06,2025-11-24,2025-11,Monday,No,Abu Dhabi,LuLu Khalifa City,Supermarket,Grocery,Beverages,National Brand,4,10.29,20.4,41.16,32.76,34.17,-1.41,Online,Buy Now Pay Later,White Friday,35-44,Female,Yes,5
TXN-00158,2025-11-24 14:35:53,2025-11-24,2025-11,Monday,No,Ras Al Khaimah,LuLu Al Nakheel,Hypermarket,Fashion,Women's Wear,National Brand,2,264.85,47.4,529.7,278.62,284.97,-6.35,In-store,Card,White Friday,35-44,Male,Yes,5
TXN-00159,2025-11-24 18:11:02,2025-11-24,2025-11,Monday,No,Dubai,LuLu Al Barsha,Hypermarket,Fashion,Women's Wear,National Brand,4,312.12,0.0,1248.48,1248.48,707.95,540.53,In-store,Cash,No Promotion,18-24,Female,Yes,4
TXN-00160,2025-11-24 19:32:26,2025-11-24,2025-11,Monday,No,Ras Al Khaimah,LuLu Al Nakheel,Hypermarket,Fashion,Kids' Wear,National Brand,3,138.8,46.9,416.4,221.11,267.07,-45.96,In-store,Card,White Friday,35-44,Male,No,3
TXN-00161,2025-11-24 20:21:44,2025-11-24,2025-11,Monday,No,Sharjah,LuLu Al Majaz,Express,Fresh,Seafood,National Brand,12,56.95,18.5,683.4,556.97,525.49,31.48,In-store,Card,White Friday,18-24,Male,No,5
TXN-00162,2025-11-24 22:41:15,2025-11-24,2025-11,Monday,No,Abu Dhabi,LuLu Al Reem,Express,Fresh,Seafood,National Brand,10,28.54,22.7,285.4,220.61,216.37,4.24,Online,Card,White Friday,55+,Female,Yes,5
TXN-00163,2025-11-25 10:56:46,2025-11-25,2025-11,Tuesday,No,Sharjah,LuLu Al Nahda,Hypermarket,Fresh,Bakery,LuLu Private Label,3,15.55,23.5,46.65,35.69,34.14,1.55,In-store,Cash,White Friday,25-34,Female,Yes,1
TXN-00164,2025-11-25 16:05:01,2025-11-25,2025-11,Tuesday,No,Abu Dhabi,LuLu Al Wahda,Hypermarket,Furniture,Storage & Wardrobes,LuLu Private Label,1,2225.1,0.0,2225.1,2225.1,1412.27,812.83,In-store,Card,No Promotion,18-24,Male,No,4
TXN-00165,2025-11-25 17:12:07,2025-11-25,2025-11,Tuesday,No,Abu Dhabi,LuLu Khalifa City,Supermarket,Fresh,Seafood,National Brand,4,32.85,20.5,131.4,104.46,104.04,0.42,In-store,Digital Wallet,White Friday,35-44,Male,No,3
TXN-00166,2025-11-25 19:15:53,2025-11-25,2025-11,Tuesday,No,Dubai,LuLu Al Qusais,Hypermarket,Home Decor,Kitchenware,National Brand,5,26.66,34.8,133.3,86.91,81.44,5.47,In-store,Card,White Friday,35-44,Female,Yes,4
TXN-00167,2025-11-26 14:39:03,2025-11-26,2025-11,Wednesday,No,Dubai,LuLu Al Qusais,Hypermarket,Fresh,Dairy & Eggs,LuLu Private Label,10,25.04,0.0,250.4,250.4,186.06,64.34,In-store,Cash,No Promotion,35-44,Male,Yes,3
TXN-00168,2025-11-26 17:17:17,2025-11-26,2025-11,Wednesday,No,Dubai,LuLu JLT,Express,Grocery,Beverages,National Brand,5,8.2,35.9,41.0,26.28,35.95,-9.67,In-store,Digital Wallet,White Friday,55+,Male,Yes,4
TXN-00169,2025-11-26 17:20:31,2025-11-26,2025-11,Wednesday,No,Dubai,LuLu JLT,Express,Grocery,Cooking Oil & Ghee,National Brand,4,42.29,36.5,169.16,107.42,139.77,-32.35,Click & Collect,Card,White Friday,25-34,Female,Yes,5
TXN-00170,2025-11-26 17:20:55,2025-11-26,2025-11,Wednesday,No,Abu Dhabi,LuLu Al Wahda,Hypermarket,Fashion,Men's Wear,National Brand,2,47.18,0.0,94.36,94.36,51.84,42.52,In-store,Buy Now Pay Later,No Promotion,25-34,Male,Yes,4
TXN-00171,2025-11-26 19:57:03,2025-11-26,2025-11,Wednesday,No,Ras Al Khaimah,LuLu Al Hamra,Supermarket,Fresh,Meat & Poultry,National Brand,7,57.59,16.1,403.13,338.23,303.66,34.57,In-store,Digital Wallet,White Friday,18-24,Male,No,3
TXN-00172,2025-11-26 22:10:22,2025-11-26,2025-11,Wednesday,No,Ras Al Khaimah,LuLu Al Hamra,Supermarket,Electronics,Small Appliances,National Brand,1,236.33,0.0,236.33,236.33,186.49,49.84,Online,Buy Now Pay Later,No Promotion,25-34,Female,No,4
TXN-00173,2025-11-26 23:01:43,2025-11-26,2025-11,Wednesday,No,Sharjah,LuLu Al Majaz,Express,Grocery,Snacks,LuLu Private Label,7,12.12,23.1,84.84,65.24,74.54,-9.3,In-store,Card,White Friday,25-34,Male,Yes,5
TXN-00174,2025-11-27 11:24:40,2025-11-27,2025-11,Thursday,No,Umm Al Quwain,LuLu UAQ Central,Supermarket,Fresh,Meat & Poultry,National Brand,4,35.44,1.7,141.76,139.35,104.78,34.57,In-store,Cash,No Promotion,35-44,Female,Yes,5
TXN-00175,2025-11-27 12:34:57,2025-11-27,2025-11,Thursday,No,Sharjah,LuLu Al Majaz,Express,Grocery,Rice & Grains,LuLu Private Label,5,71.44,0.0,357.2,357.2,295.03,62.17,In-store,Card,No Promotion,45-54,Female,Yes,4
TXN-00176,2025-11-27 19:10:39,2025-11-27,2025-11,Thursday,No,Sharjah,LuLu Al Majaz,Express,Grocery,Snacks,LuLu Private Label,8,5.47,26.1,43.76,32.34,37.46,-5.12,Click & Collect,Card,White Friday,25-34,Male,Yes,4
TXN-00177,2025-11-28 08:22:28,2025-11-28,2025-11,Friday,No,Ajman,LuLu Al Jurf,Hypermarket,Electronics,Audio & Accessories,National Brand,1,528.75,14.7,528.75,451.02,445.04,5.98,In-store,Card,White Friday,25-34,Female,Yes,3
TXN-00178,2025-11-28 08:40:39,2025-11-28,2025-11,Friday,No,Fujairah,LuLu Fujairah City,Hypermarket,Home Decor,Lighting,LuLu Private Label,3,262.36,20.9,787.08,622.58,489.97,132.61,In-store,Card,White Friday,18-24,Male,No,5
TXN-00179,2025-11-28 18:23:53,2025-11-28,2025-11,Friday,No,Sharjah,LuLu Al Majaz,Express,Fashion,Kids' Wear,National Brand,1,102.66,0.0,102.66,102.66,63.09,39.57,In-store,Card,No Promotion,35-44,Male,Yes,5
TXN-00180,2025-11-29 11:24:27,2025-11-29,2025-11,Saturday,Yes,Ajman,LuLu Al Nuaimiya,Express,Fresh,Bakery,National Brand,2,16.37,11.3,32.74,29.04,24.8,4.24,In-store,Card,White Friday,55+,Male,Yes,4
TXN-00181,2025-11-29 12:51:46,2025-11-29,2025-11,Saturday,Yes,Sharjah,LuLu Al Nahda,Hypermarket,Home Decor,Rugs & Carpets,National Brand,3,558.63,0.0,1675.89,1675.89,1116.47,559.42,In-store,Digital Wallet,No Promotion,45-54,Female,Yes,5
TXN-00182,2025-11-29 13:03:41,2025-11-29,2025-11,Saturday,Yes,Ajman,LuLu Al Jurf,Hypermarket,Fresh,Seafood,National Brand,4,73.58,23.4,294.32,225.45,222.34,3.11,In-store,Cash,White Friday,18-24,Male,No,4
TXN-00183,2025-11-29 17:51:29,2025-11-29,2025-11,Saturday,Yes,Sharjah,LuLu Al Nahda,Hypermarket,Electronics,Laptops,National Brand,2,5667.81,6.1,11335.62,10644.15,9510.09,1134.06,Online,Buy Now Pay Later,Weekend Deal,25-34,Male,Yes,5
TXN-00184,2025-11-29 18:00:46,2025-11-29,2025-11,Saturday,Yes,Sharjah,LuLu Muwaileh,Supermarket,Fresh,Meat & Poultry,National Brand,5,47.61,0.0,238.05,238.05,189.23,48.82,Online,Card,No Promotion,25-34,Male,Yes,3
TXN-00185,2025-11-29 20:39:32,2025-11-29,2025-11,Saturday,Yes,Dubai,LuLu JLT,Express,Fashion,Kids' Wear,LuLu Private Label,2,118.68,45.7,237.36,128.89,149.87,-20.98,Click & Collect,Digital Wallet,White Friday,18-24,Female,Yes,2
TXN-00186,2025-11-29 21:18:26,2025-11-29,2025-11,Saturday,Yes,Abu Dhabi,LuLu Khalifa City,Supermarket,Fashion,Men's Wear,National Brand,1,193.15,28.2,193.15,138.68,98.8,39.88,In-store,Cash,White Friday,18-24,Male,Yes,5
TXN-00187,2025-11-29 21:44:52,2025-11-29,2025-11,Saturday,Yes,Abu Dhabi,LuLu Al Reem,Express,Fresh,Dairy & Eggs,LuLu Private Label,2,27.16,18.7,54.32,44.16,42.7,1.46,In-store,Buy Now Pay Later,White Friday,45-54,Female,Yes,4
TXN-00188,2025-11-29 21:52:00,2025-11-29,2025-11,Saturday,Yes,Abu Dhabi,LuLu Mushrif,Hypermarket,Grocery,Rice & Grains,LuLu Private Label,1,49.32,28.5,49.32,35.26,42.15,-6.89,Click & Collect,Digital Wallet,White Friday,55+,Female,Yes,3
TXN-00189,2025-11-30 10:19:06,2025-11-30,2025-11,Sunday,Yes,Abu Dhabi,LuLu Mushrif,Hypermarket,Furniture,Office Chairs,National Brand,1,1428.14,20.8,1428.14,1131.09,1023.59,107.5,Click & Collect,Digital Wallet,White Friday,18-24,Male,Yes,4
TXN-00190,2025-11-30 11:13:20,2025-11-30,2025-11,Sunday,Yes,Ajman,LuLu Al Nuaimiya,Express,Grocery,Beverages,National Brand,8,11.1,0.0,88.8,88.8,77.79,11.01,In-store,Card,No Promotion,25-34,Female,Yes,3
TXN-00191,2025-12-01 19:44:53,2025-12-01,2025-12,Monday,No,Abu Dhabi,LuLu Al Reem,Express,Fresh,Seafood,LuLu Private Label,6,57.42,0.0,344.52,344.52,265.24,79.28,In-store,Card,No Promotion,25-34,Female,Yes,5
TXN-00192,2025-12-01 20:30:16,2025-12-01,2025-12,Monday,No,Abu Dhabi,LuLu Al Reem,Express,Fresh,Meat & Poultry,LuLu Private Label,11,56.59,0.0,622.49,622.49,465.82,156.67,In-store,Cash,No Promotion,35-44,Female,No,4
TXN-00193,2025-12-01 20:32:41,2025-12-01,2025-12,Monday,No,Abu Dhabi,LuLu Al Reem,Express,Fresh,Dairy & Eggs,LuLu Private Label,2,8.55,1.4,17.1,16.86,12.79,4.07,In-store,Cash,No Promotion,25-34,Male,No,4
TXN-00194,2025-12-01 20:55:16,2025-12-01,2025-12,Monday,No,Umm Al Quwain,LuLu UAQ Central,Supermarket,Grocery,Snacks,LuLu Private Label,1,13.97,0.0,13.97,13.97,11.72,2.25,In-store,Cash,No Promotion,35-44,Female,Yes,5
TXN-00195,2025-12-02 21:22:03,2025-12-02,2025-12,Tuesday,No,Dubai,LuLu JLT,Express,Grocery,Snacks,National Brand,2,10.34,0.0,20.68,20.68,17.51,3.17,In-store,Digital Wallet,No Promotion,35-44,Male,No,5
TXN-00196,2025-12-03 13:18:22,2025-12-03,2025-12,Wednesday,No,Dubai,LuLu Al Qusais,Hypermarket,Fresh,Meat & Poultry,National Brand,3,41.97,0.0,125.91,125.91,101.47,24.44,In-store,Digital Wallet,No Promotion,35-44,Male,No,2
TXN-00197,2025-12-03 19:14:49,2025-12-03,2025-12,Wednesday,No,Fujairah,LuLu Fujairah City,Hypermarket,Furniture,Dining Sets,National Brand,1,913.43,0.0,913.43,913.43,628.3,285.13,In-store,Card,No Promotion,35-44,Male,Yes,3
TXN-00198,2025-12-04 10:02:49,2025-12-04,2025-12,Thursday,No,Sharjah,LuLu Muwaileh,Supermarket,Grocery,Cooking Oil & Ghee,National Brand,6,59.03,0.3,354.18,353.12,305.78,47.34,In-store,Card,No Promotion,25-34,Male,No,4
TXN-00199,2025-12-04 18:48:51,2025-12-04,2025-12,Thursday,No,Sharjah,LuLu Al Majaz,Express,Fresh,Dairy & Eggs,LuLu Private Label,5,9.01,0.0,45.05,45.05,33.89,11.16,Click & Collect,Digital Wallet,No Promotion,25-34,Female,No,5
TXN-00200,2025-12-04 23:39:10,2025-12-04,2025-12,Thursday,No,Dubai,LuLu JLT,Express,Electronics,Small Appliances,National Brand,2,273.93,0.0,547.86,547.86,464.63,83.23,In-store,Card,No Promotion,45-54,Male,Yes,4
TXN-00201,2025-12-05 19:40:21,2025-12-05,2025-12,Friday,No,Sharjah,LuLu Muwaileh,Supermarket,Fresh,Seafood,National Brand,8,61.56,0.6,492.48,489.53,386.85,102.68,In-store,Cash,No Promotion,35-44,Male,No,4
TXN-00202,2025-12-05 20:27:50,2025-12-05,2025-12,Friday,No,Abu Dhabi,LuLu Al Reem,Express,Grocery,Snacks,LuLu Private Label,5,8.13,3.9,40.65,39.06,34.6,4.46,In-store,Digital Wallet,No Promotion,25-34,Female,No,1
TXN-00203,2025-12-06 13:20:23,2025-12-06,2025-12,Saturday,Yes,Dubai,LuLu Silicon Oasis,Supermarket,Fresh,Dairy & Eggs,National Brand,8,14.45,0.0,115.6,115.6,84.7,30.9,In-store,Card,No Promotion,25-34,Female,No,3
TXN-00204,2025-12-06 15:15:59,2025-12-06,2025-12,Saturday,Yes,Dubai,LuLu Silicon Oasis,Supermarket,Fresh,Seafood,National Brand,1,57.63,4.7,57.63,54.92,45.53,9.39,Click & Collect,Digital Wallet,Weekend Deal,35-44,Male,No,5
TXN-00205,2025-12-06 15:33:37,2025-12-06,2025-12,Saturday,Yes,Sharjah,LuLu Muwaileh,Supermarket,Furniture,Dining Sets,National Brand,2,934.7,0.0,1869.4,1869.4,1242.26,627.14,In-store,Card,No Promotion,45-54,Male,Yes,5
TXN-00206,2025-12-07 12:28:42,2025-12-07,2025-12,Sunday,Yes,Abu Dhabi,LuLu Al Wahda,Hypermarket,Grocery,Rice & Grains,National Brand,2,35.08,9.3,70.16,63.64,57.64,6.0,Click & Collect,Card,Weekend Deal,55+,Male,No,5
TXN-00207,2025-12-07 19:59:50,2025-12-07,2025-12,Sunday,Yes,Ajman,LuLu Al Jurf,Hypermarket,Fresh,Bakery,National Brand,3,13.9,0.7,41.7,41.41,33.18,8.23,In-store,Digital Wallet,No Promotion,18-24,Female,Yes,5
TXN-00208,2025-12-07 21:59:01,2025-12-07,2025-12,Sunday,Yes,Dubai,LuLu Al Qusais,Hypermarket,Fresh,Meat & Poultry,LuLu Private Label,12,29.08,0.0,348.96,348.96,282.62,66.34,In-store,Digital Wallet,No Promotion,25-34,Female,Yes,4
TXN-00209,2025-12-08 17:44:51,2025-12-08,2025-12,Monday,No,Dubai,LuLu Silicon Oasis,Supermarket,Furniture,Sofas,National Brand,1,4682.75,0.0,4682.75,4682.75,3457.86,1224.89,In-store,Digital Wallet,No Promotion,25-34,Male,Yes,4
TXN-00210,2025-12-09 19:07:29,2025-12-09,2025-12,Tuesday,No,Sharjah,LuLu Al Majaz,Express,Fresh,Dairy & Eggs,National Brand,10,15.29,0.4,152.9,152.29,110.7,41.59,In-store,Card,No Promotion,45-54,Male,No,3
TXN-00211,2025-12-09 22:21:18,2025-12-09,2025-12,Tuesday,No,Dubai,LuLu Al Qusais,Hypermarket,Fresh,Meat & Poultry,National Brand,5,18.99,0.0,94.95,94.95,70.37,24.58,Online,Digital Wallet,No Promotion,45-54,Female,No,5
TXN-00212,2025-12-10 22:07:20,2025-12-10,2025-12,Wednesday,No,Umm Al Quwain,LuLu UAQ Central,Supermarket,Fresh,Fruits & Vegetables,LuLu Private Label,12,15.51,0.0,186.12,186.12,135.64,50.48,In-store,Cash,No Promotion,25-34,Female,No,5
TXN-00213,2025-12-11 14:58:52,2025-12-11,2025-12,Thursday,No,Dubai,LuLu Al Barsha,Hypermarket,Grocery,Rice & Grains,National Brand,5,75.75,0.1,378.75,378.37,332.38,45.99,In-store,Buy Now Pay Later,No Promotion,45-54,Male,No,5
TXN-00214,2025-12-11 16:50:08,2025-12-11,2025-12,Thursday,No,Abu Dhabi,LuLu Khalifa City,Supermarket,Fresh,Seafood,National Brand,3,59.77,0.0,179.31,179.31,139.7,39.61,In-store,Cash,No Promotion,35-44,Male,Yes,3
TXN-00215,2025-12-11 17:45:51,2025-12-11,2025-12,Thursday,No,Abu Dhabi,LuLu Khalifa City,Supermarket,Grocery,Rice & Grains,National Brand,4,29.08,0.0,116.32,116.32,99.37,16.95,In-store,Cash,No Promotion,45-54,Male,Yes,4
TXN-00216,2025-12-12 14:24:32,2025-12-12,2025-12,Friday,No,Ajman,LuLu Al Jurf,Hypermarket,Fresh,Seafood,LuLu Private Label,6,49.97,19.1,299.82,242.55,243.9,-1.35,Online,Card,DSF,35-44,Female,Yes,4
TXN-00217,2025-12-12 14:51:41,2025-12-12,2025-12,Friday,No,Abu Dhabi,LuLu Khalifa City,Supermarket,Grocery,Cooking Oil & Ghee,LuLu Private Label,6,21.06,14.5,126.36,108.04,108.89,-0.85,In-store,Cash,DSF,18-24,Male,Yes,4
TXN-00218,2025-12-12 20:28:14,2025-12-12,2025-12,Friday,No,Dubai,LuLu JLT,Express,Fresh,Seafood,National Brand,6,38.77,19.5,232.62,187.26,180.34,6.92,In-store,Card,DSF,25-34,Male,Yes,5
TXN-00219,2025-12-13 11:06:05,2025-12-13,2025-12,Saturday,Yes,Fujairah,LuLu Fujairah City,Hypermarket,Furniture,Office Chairs,National Brand,2,1255.26,23.4,2510.52,1923.06,1669.3,253.76,In-store,Digital Wallet,DSF,25-34,Male,No,4
TXN-00220,2025-12-13 18:14:23,2025-12-13,2025-12,Saturday,Yes,Abu Dhabi,LuLu Mushrif,Hypermarket,Home Decor,Rugs & Carpets,LuLu Private Label,3,326.55,20.5,979.65,778.82,628.45,150.37,In-store,Digital Wallet,DSF,25-34,Female,Yes,5
TXN-00221,2025-12-13 19:40:33,2025-12-13,2025-12,Saturday,Yes,Sharjah,LuLu Muwaileh,Supermarket,Fresh,Meat & Poultry,LuLu Private Label,6,22.72,10.2,136.32,122.42,99.44,22.98,In-store,Card,DSF,35-44,Male,Yes,2
TXN-00222,2025-12-13 19:48:46,2025-12-13,2025-12,Saturday,Yes,Dubai,LuLu JLT,Express,Home Decor,Lighting,National Brand,2,254.91,32.2,509.82,345.66,351.75,-6.09,In-store,Buy Now Pay Later,DSF,25-34,Male,No,5
TXN-00223,2025-12-13 19:49:16,2025-12-13,2025-12,Saturday,Yes,Dubai,LuLu Silicon Oasis,Supermarket,Grocery,Beverages,National Brand,7,17.32,21.4,121.24,95.29,97.67,-2.38,In-store,Digital Wallet,DSF,35-44,Female,No,5
TXN-00224,2025-12-13 20:41:39,2025-12-13,2025-12,Saturday,Yes,Fujairah,LuLu Fujairah City,Hypermarket,Fashion,Accessories,National Brand,5,125.85,14.0,629.25,541.15,314.83,226.32,Online,Digital Wallet,Weekend Deal,18-24,Male,No,1
TXN-00225,2025-12-14 14:31:59,2025-12-14,2025-12,Sunday,Yes,Dubai,LuLu Silicon Oasis,Supermarket,Fresh,Fruits & Vegetables,National Brand,3,13.69,15.2,41.07,34.83,30.45,4.38,In-store,Cash,DSF,18-24,Female,Yes,4
TXN-00226,2025-12-14 19:00:14,2025-12-14,2025-12,Sunday,Yes,Sharjah,LuLu Al Majaz,Express,Grocery,Rice & Grains,National Brand,9,73.72,30.4,663.48,461.78,570.95,-109.17,In-store,Buy Now Pay Later,DSF,18-24,Male,Yes,4
TXN-00227,2025-12-14 21:13:33,2025-12-14,2025-12,Sunday,Yes,Ajman,LuLu Al Jurf,Hypermarket,Furniture,Dining Sets,National Brand,2,2813.12,4.9,5626.24,5350.55,3934.75,1415.8,Online,Card,No Promotion,55+,Male,No,4
TXN-00228,2025-12-14 22:24:40,2025-12-14,2025-12,Sunday,Yes,Dubai,LuLu Al Barsha,Hypermarket,Fashion,Footwear,National Brand,3,97.18,31.3,291.54,200.29,180.4,19.89,Online,Card,DSF,25-34,Female,No,5
TXN-00229,2025-12-15 10:10:18,2025-12-15,2025-12,Monday,No,Dubai,LuLu Al Qusais,Hypermarket,Fresh,Dairy & Eggs,LuLu Private Label,9,7.49,12.5,67.41,58.98,51.01,7.97,In-store,Buy Now Pay Later,DSF,45-54,Male,No,4
TXN-00230,2025-12-15 18:58:47,2025-12-15,2025-12,Monday,No,Dubai,LuLu JLT,Express,Grocery,Snacks,LuLu Private Label,7,11.14,2.9,77.98,75.72,64.19,11.53,In-store,Buy Now Pay Later,No Promotion,45-54,Female,No,4
TXN-00231,2025-12-16 15:17:41,2025-12-16,2025-12,Tuesday,No,Dubai,LuLu JLT,Express,Grocery,Household Cleaning,LuLu Private Label,6,27.88,19.4,167.28,134.83,142.27,-7.44,In-store,Card,DSF,25-34,Male,No,4
TXN-00232,2025-12-17 20:49:31,2025-12-17,2025-12,Wednesday,No,Dubai,LuLu Al Qusais,Hypermarket,Fashion,Kids' Wear,LuLu Private Label,2,56.06,34.4,112.12,73.55,64.92,8.63,Online,Card,DSF,25-34,Male,No,4
TXN-00233,2025-12-17 23:07:38,2025-12-17,2025-12,Wednesday,No,Dubai,LuLu Silicon Oasis,Supermarket,Fashion,Women's Wear,National Brand,2,67.66,15.5,135.32,114.35,68.17,46.18,In-store,Digital Wallet,DSF,25-34,Female,No,4
TXN-00234,2025-12-20 11:47:51,2025-12-20,2025-12,Saturday,Yes,Dubai,LuLu Al Qusais,Hypermarket,Grocery,Household Cleaning,National Brand,10,26.45,11.8,264.5,233.29,212.22,21.07,In-store,Card,Weekend Deal,35-44,Male,Yes,3
TXN-00235,2025-12-20 13:43:18,2025-12-20,2025-12,Saturday,Yes,Dubai,LuLu JLT,Express,Fresh,Bakery,National Brand,2,18.95,17.3,37.9,31.34,27.76,3.58,In-store,Digital Wallet,DSF,45-54,Female,Yes,3
TXN-00236,2025-12-20 22:17:38,2025-12-20,2025-12,Saturday,Yes,Abu Dhabi,LuLu Al Wahda,Hypermarket,Home Decor,Lighting,LuLu Private Label,1,336.9,7.2,336.9,312.64,192.67,119.97,In-store,Cash,Weekend Deal,45-54,Male,No,2
TXN-00237,2025-12-21 08:28:48,2025-12-21,2025-12,Sunday,Yes,Dubai,LuLu Silicon Oasis,Supermarket,Grocery,Household Cleaning,LuLu Private Label,8,30.94,17.1,247.52,205.19,213.78,-8.59,In-store,Card,DSF,55+,Male,Yes,5
TXN-00238,2025-12-21 11:05:48,2025-12-21,2025-12,Sunday,Yes,Sharjah,LuLu Muwaileh,Supermarket,Grocery,Rice & Grains,LuLu Private Label,10,53.14,10.0,531.4,478.26,425.5,52.76,In-store,Cash,Weekend Deal,25-34,Male,Yes,5
TXN-00239,2025-12-21 17:26:02,2025-12-21,2025-12,Sunday,Yes,Ajman,LuLu Al Jurf,Hypermarket,Fresh,Meat & Poultry,LuLu Private Label,8,29.39,11.6,235.12,207.85,191.55,16.3,In-store,Cash,DSF,25-34,Male,Yes,1
TXN-00240,2025-12-21 17:47:16,2025-12-21,2025-12,Sunday,Yes,Abu Dhabi,LuLu Mushrif,Hypermarket,Furniture,Dining Sets,National Brand,1,1967.5,0.7,1967.5,1953.73,1451.4,502.33,In-store,Buy Now Pay Later,No Promotion,35-44,Female,Yes,5
TXN-00241,2025-12-22 09:20:30,2025-12-22,2025-12,Monday,No,Sharjah,LuLu Muwaileh,Supermarket,Grocery,Beverages,National Brand,2,7.83,12.9,15.66,13.64,13.4,0.24,In-store,Cash,DSF,18-24,Male,No,5
TXN-00242,2025-12-22 12:11:18,2025-12-22,2025-12,Monday,No,Sharjah,LuLu Al Nahda,Hypermarket,Grocery,Household Cleaning,National Brand,5,9.12,0.0,45.6,45.6,39.49,6.11,Click & Collect,Digital Wallet,No Promotion,35-44,Female,Yes,4
TXN-00243,2025-12-22 15:16:39,2025-12-22,2025-12,Monday,No,Abu Dhabi,LuLu Al Wahda,Hypermarket,Furniture,Dining Sets,National Brand,1,2707.29,19.6,2707.29,2176.66,1965.38,211.28,In-store,Card,DSF,45-54,Male,No,3
TXN-00244,2025-12-22 17:52:26,2025-12-22,2025-12,Monday,No,Sharjah,LuLu Al Nahda,Hypermarket,Grocery,Household Cleaning,National Brand,10,19.07,18.2,190.7,155.99,156.7,-0.71,In-store,Card,DSF,35-44,Female,No,4
TXN-00245,2025-12-22 19:21:41,2025-12-22,2025-12,Monday,No,Abu Dhabi,LuLu Al Reem,Express,Grocery,Snacks,National Brand,8,5.66,20.3,45.28,36.09,38.41,-2.32,In-store,Cash,DSF,25-34,Male,No,3
TXN-00246,2025-12-22 23:33:38,2025-12-22,2025-12,Monday,No,Sharjah,LuLu Al Majaz,Express,Fresh,Dairy & Eggs,LuLu Private Label,9,24.41,8.9,219.69,200.14,166.78,33.36,In-store,Card,DSF,45-54,Female,No,4
TXN-00247,2025-12-23 09:37:42,2025-12-23,2025-12,Tuesday,No,Dubai,LuLu Al Barsha,Hypermarket,Grocery,Snacks,National Brand,10,11.29,30.4,112.9,78.58,97.26,-18.68,In-store,Digital Wallet,DSF,18-24,Male,No,4
TXN-00248,2025-12-23 11:06:39,2025-12-23,2025-12,Tuesday,No,Ajman,LuLu Al Jurf,Hypermarket,Furniture,Beds & Mattresses,LuLu Private Label,2,2876.63,19.3,5753.26,4642.88,3846.71,796.17,Online,Card,DSF,25-34,Male,No,4
TXN-00249,2025-12-23 12:22:30,2025-12-23,2025-12,Tuesday,No,Dubai,LuLu Al Qusais,Hypermarket,Furniture,Dining Sets,LuLu Private Label,1,2630.27,4.5,2630.27,2511.91,1774.15,737.76,Online,Buy Now Pay Later,No Promotion,45-54,Male,Yes,4
TXN-00250,2025-12-24 17:36:10,2025-12-24,2025-12,Wednesday,No,Dubai,LuLu Silicon Oasis,Supermarket,Grocery,Beverages,National Brand,9,6.39,1.2,57.51,56.82,47.3,9.52,In-store,Card,No Promotion,45-54,Male,No,4
TXN-00251,2025-12-24 18:10:12,2025-12-24,2025-12,Wednesday,No,Ras Al Khaimah,LuLu Al Nakheel,Hypermarket,Fashion,Men's Wear,National Brand,5,222.06,38.5,1110.3,682.83,605.22,77.61,In-store,Digital Wallet,DSF,35-44,Male,No,2
TXN-00252,2025-12-24 23:23:29,2025-12-24,2025-12,Wednesday,No,Abu Dhabi,LuLu Al Wahda,Hypermarket,Furniture,Storage & Wardrobes,National Brand,2,2896.06,27.5,5792.12,4199.29,3920.75,278.54,Click & Collect,Card,DSF,35-44,Male,No,4
TXN-00253,2025-12-25 13:31:08,2025-12-25,2025-12,Thursday,No,Dubai,LuLu JLT,Express,Fresh,Meat & Poultry,National Brand,2,48.63,2.0,97.26,95.31,73.28,22.03,In-store,Card,No Promotion,55+,Female,Yes,3
TXN-00254,2025-12-25 16:22:28,2025-12-25,2025-12,Thursday,No,Ajman,LuLu Al Jurf,Hypermarket,Fresh,Meat & Poultry,LuLu Private Label,7,46.71,0.0,326.97,326.97,236.66,90.31,In-store,Digital Wallet,No Promotion,18-24,Male,Yes,4
TXN-00255,2025-12-25 17:39:17,2025-12-25,2025-12,Thursday,No,Abu Dhabi,LuLu Mushrif,Hypermarket,Electronics,Mobile Phones,National Brand,1,4433.26,20.7,4433.26,3515.58,3603.3,-87.72,Click & Collect,Card,DSF,18-24,Male,Yes,4
TXN-00256,2025-12-25 20:04:03,2025-12-25,2025-12,Thursday,No,Dubai,LuLu Al Barsha,Hypermarket,Fashion,Accessories,National Brand,1,29.06,15.2,29.06,24.64,17.86,6.78,In-store,Cash,DSF,35-44,Male,Yes,4
TXN-00257,2025-12-25 22:48:59,2025-12-25,2025-12,Thursday,No,Sharjah,LuLu Muwaileh,Supermarket,Fresh,Dairy & Eggs,National Brand,8,26.79,0.0,214.32,214.32,173.52,40.8,In-store,Cash,No Promotion,35-44,Male,No,5
TXN-00258,2025-12-26 11:23:17,2025-12-26,2025-12,Friday,No,Abu Dhabi,LuLu Khalifa City,Supermarket,Furniture,Beds & Mattresses,National Brand,1,3217.75,0.0,3217.75,3217.75,2000.95,1216.8,Online,Card,No Promotion,45-54,Female,No,3
TXN-00259,2025-12-26 19:04:26,2025-12-26,2025-12,Friday,No,Abu Dhabi,LuLu Khalifa City,Supermarket,Fashion,Kids' Wear,National Brand,2,64.69,32.7,129.38,87.07,72.72,14.35,In-store,Cash,DSF,55+,Male,Yes,5
TXN-00260,2025-12-26 21:45:07,2025-12-26,2025-12,Friday,No,Dubai,LuLu Al Qusais,Hypermarket,Fresh,Bakery,National Brand,2,3.69,0.0,7.38,7.38,5.62,1.76,Online,Card,No Promotion,35-44,Male,No,3
TXN-00261,2025-12-27 11:49:52,2025-12-27,2025-12,Saturday,Yes,Dubai,LuLu JLT,Express,Fresh,Seafood,LuLu Private Label,8,31.66,11.5,253.28,224.15,200.95,23.2,Click & Collect,Card,DSF,25-34,Male,Yes,5
TXN-00262,2025-12-27 13:50:19,2025-12-27,2025-12,Saturday,Yes,Dubai,LuLu Al Qusais,Hypermarket,Fashion,Accessories,LuLu Private Label,1,78.59,23.8,78.59,59.89,40.33,19.56,Click & Collect,Card,DSF,25-34,Female,Yes,4
TXN-00263,2025-12-27 21:43:07,2025-12-27,2025-12,Saturday,Yes,Abu Dhabi,LuLu Khalifa City,Supermarket,Electronics,Small Appliances,National Brand,1,460.71,0.0,460.71,460.71,391.77,68.94,In-store,Card,No Promotion,45-54,Female,No,5
TXN-00264,2025-12-28 15:32:13,2025-12-28,2025-12,Sunday,Yes,Ras Al Khaimah,LuLu Al Hamra,Supermarket,Grocery,Beverages,National Brand,7,24.53,26.3,171.71,126.55,147.37,-20.82,In-store,Digital Wallet,DSF,35-44,Male,Yes,4
TXN-00265,2025-12-28 17:20:25,2025-12-28,2025-12,Sunday,Yes,Abu Dhabi,LuLu Khalifa City,Supermarket,Grocery,Rice & Grains,National Brand,8,52.87,10.0,422.96,380.66,351.33,29.33,In-store,Digital Wallet,Weekend Deal,35-44,Female,No,4
TXN-00266,2025-12-28 18:04:44,2025-12-28,2025-12,Sunday,Yes,Dubai,LuLu Silicon Oasis,Supermarket,Fresh,Meat & Poultry,National Brand,6,47.94,12.8,287.64,250.82,233.14,17.68,Online,Digital Wallet,DSF,25-34,Female,No,4
TXN-00267,2025-12-28 18:19:13,2025-12-28,2025-12,Sunday,Yes,Abu Dhabi,LuLu Al Wahda,Hypermarket,Fresh,Meat & Poultry,LuLu Private Label,10,47.07,16.3,470.7,393.98,375.77,18.21,In-store,Cash,DSF,25-34,Male,No,4
TXN-00268,2025-12-28 18:37:31,2025-12-28,2025-12,Sunday,Yes,Dubai,LuLu JLT,Express,Grocery,Household Cleaning,LuLu Private Label,3,21.25,0.0,63.75,63.75,55.92,7.83,In-store,Digital Wallet,No Promotion,18-24,Male,No,3
TXN-00269,2025-12-28 21:12:24,2025-12-28,2025-12,Sunday,Yes,Abu Dhabi,LuLu Mushrif,Hypermarket,Grocery,Snacks,LuLu Private Label,1,10.49,15.0,10.49,8.92,9.2,-0.28,In-store,Digital Wallet,DSF,55+,Male,Yes,4
TXN-00270,2025-12-29 21:14:19,2025-12-29,2025-12,Monday,No,Abu Dhabi,LuLu Al Reem,Express,Grocery,Cooking Oil & Ghee,LuLu Private Label,7,24.47,0.0,171.29,171.29,147.1,24.19,In-store,Digital Wallet,No Promotion,55+,Female,Yes,4
TXN-00271,2025-12-30 14:06:37,2025-12-30,2025-12,Tuesday,No,Dubai,LuLu Al Qusais,Hypermarket,Furniture,Dining Sets,National Brand,1,3623.21,3.6,3623.21,3492.77,2360.59,1132.18,Click & Collect,Card,No Promotion,25-34,Female,Yes,2
TXN-00272,2025-12-30 18:33:51,2025-12-30,2025-12,Tuesday,No,Sharjah,LuLu Al Majaz,Express,Fresh,Bakery,LuLu Private Label,5,6.51,12.0,32.55,28.64,24.19,4.45,In-store,Buy Now Pay Later,DSF,55+,Male,Yes,1
TXN-00273,2025-12-31 15:41:29,2025-12-31,2025-12,Wednesday,No,Abu Dhabi,LuLu Al Wahda,Hypermarket,Electronics,Audio & Accessories,National Brand,1,755.79,0.0,755.79,755.79,638.92,116.87,In-store,Digital Wallet,No Promotion,18-24,Female,No,5
TXN-00274,2026-01-01 15:04:51,2026-01-01,2026-01,Thursday,No,Abu Dhabi,LuLu Al Wahda,Hypermarket,Furniture,Dining Sets,National Brand,2,3539.36,39.9,7078.72,4254.31,4788.41,-534.1,In-store,Digital Wallet,DSF,35-44,Male,No,5
TXN-00275,2026-01-01 19:02:36,2026-01-01,2026-01,Thursday,No,Dubai,LuLu Al Qusais,Hypermarket,Electronics,Mobile Phones,National Brand,1,3243.37,22.1,3243.37,2526.59,2781.96,-255.37,In-store,Card,DSF,35-44,Male,No,3
TXN-00276,2026-01-01 20:17:55,2026-01-01,2026-01,Thursday,No,Ajman,LuLu Al Nuaimiya,Express,Fresh,Fruits & Vegetables,National Brand,3,19.73,16.0,59.19,49.72,45.63,4.09,In-store,Cash,DSF,35-44,Male,No,4
TXN-00277,2026-01-01 20:25:15,2026-01-01,2026-01,Thursday,No,Sharjah,LuLu Muwaileh,Supermarket,Furniture,Sofas,National Brand,2,4799.97,2.4,9599.94,9369.54,6817.1,2552.44,Online,Card,No Promotion,25-34,Male,Yes,4
TXN-00278,2026-01-03 10:24:55,2026-01-03,2026-01,Saturday,Yes,Abu Dhabi,LuLu Khalifa City,Supermarket,Furniture,Sofas,National Brand,2,3006.36,30.6,6012.72,4172.83,4209.42,-36.59,Click & Collect,Card,DSF,55+,Male,No,5
TXN-00279,2026-01-03 14:24:54,2026-01-03,2026-01,Saturday,Yes,Ras Al Khaimah,LuLu Al Hamra,Supermarket,Fresh,Bakery,National Brand,5,9.49,0.5,47.45,47.21,37.25,9.96,In-store,Digital Wallet,No Promotion,35-44,Male,No,5
TXN-00280,2026-01-03 18:52:50,2026-01-03,2026-01,Saturday,Yes,Ajman,LuLu Al Nuaimiya,Express,Grocery,Household Cleaning,National Brand,10,35.3,24.8,353.0,265.46,290.27,-24.81,Click & Collect,Card,DSF,55+,Male,No,2
TXN-00281,2026-01-03 19:07:54,2026-01-03,2026-01,Saturday,Yes,Sharjah,LuLu Al Nahda,Hypermarket,Grocery,Cooking Oil & Ghee,National Brand,9,53.0,18.4,477.0,389.23,384.88,4.35,In-store,Card,DSF,25-34,Male,No,1
TXN-00282,2026-01-04 14:59:49,2026-01-04,2026-01,Sunday,Yes,Sharjah,LuLu Al Nahda,Hypermarket,Fresh,Bakery,LuLu Private Label,7,7.68,0.0,53.76,53.76,40.2,13.56,In-store,Digital Wallet,No Promotion,35-44,Female,No,4
TXN-00283,2026-01-05 16:27:35,2026-01-05,2026-01,Monday,No,Abu Dhabi,LuLu Khalifa City,Supermarket,Home Decor,Bedding & Linen,National Brand,4,251.48,25.8,1005.92,746.39,672.4,73.99,In-store,Card,DSF,45-54,Female,Yes,4
TXN-00284,2026-01-05 19:01:47,2026-01-05,2026-01,Monday,No,Dubai,LuLu JLT,Express,Fresh,Bakery,National Brand,9,14.87,17.9,133.83,109.87,102.96,6.91,In-store,Digital Wallet,DSF,35-44,Male,No,4
TXN-00285,2026-01-05 19:29:00,2026-01-05,2026-01,Monday,No,Umm Al Quwain,LuLu UAQ Central,Supermarket,Furniture,Office Chairs,National Brand,1,874.34,15.4,874.34,739.69,584.85,154.84,Online,Card,DSF,35-44,Female,Yes,5
TXN-00286,2026-01-05 21:13:18,2026-01-05,2026-01,Monday,No,Sharjah,LuLu Al Nahda,Hypermarket,Fresh,Fruits & Vegetables,LuLu Private Label,3,3.35,0.0,10.05,10.05,7.25,2.8,In-store,Card,No Promotion,35-44,Male,Yes,4
TXN-00287,2026-01-05 23:21:10,2026-01-05,2026-01,Monday,No,Abu Dhabi,LuLu Mushrif,Hypermarket,Fashion,Women's Wear,LuLu Private Label,3,247.67,0.0,743.01,743.01,403.67,339.34,In-store,Digital Wallet,No Promotion,45-54,Female,No,4
TXN-00288,2026-01-06 13:41:57,2026-01-06,2026-01,Tuesday,No,Dubai,LuLu Al Qusais,Hypermarket,Home Decor,Kitchenware,National Brand,3,241.88,24.8,725.64,545.68,449.21,96.47,In-store,Digital Wallet,DSF,35-44,Male,Yes,4
TXN-00289,2026-01-06 17:23:35,2026-01-06,2026-01,Tuesday,No,Umm Al Quwain,LuLu UAQ Central,Supermarket,Electronics,Small Appliances,National Brand,1,148.45,22.7,148.45,114.75,120.42,-5.67,In-store,Card,DSF,25-34,Male,No,2
TXN-00290,2026-01-06 18:39:04,2026-01-06,2026-01,Tuesday,No,Dubai,LuLu Al Qusais,Hypermarket,Furniture,Beds & Mattresses,LuLu Private Label,1,3163.71,27.4,3163.71,2296.85,2217.84,79.01,Online,Card,DSF,25-34,Female,No,4
TXN-00291,2026-01-06 22:05:24,2026-01-06,2026-01,Tuesday,No,Abu Dhabi,LuLu Mushrif,Hypermarket,Grocery,Beverages,National Brand,6,10.19,31.8,61.14,41.7,53.52,-11.82,In-store,Cash,DSF,25-34,Female,No,5
TXN-00292,2026-01-07 10:41:18,2026-01-07,2026-01,Wednesday,No,Abu Dhabi,LuLu Al Reem,Express,Grocery,Rice & Grains,National Brand,10,88.73,0.0,887.3,887.3,773.43,113.87,In-store,Digital Wallet,No Promotion,55+,Male,Yes,5
TXN-00293,2026-01-07 12:01:46,2026-01-07,2026-01,Wednesday,No,Dubai,LuLu Al Barsha,Hypermarket,Fashion,Women's Wear,LuLu Private Label,3,132.52,24.3,397.56,300.95,221.04,79.91,In-store,Card,DSF,45-54,Female,Yes,4
TXN-00294,2026-01-07 17:30:28,2026-01-07,2026-01,Wednesday,No,Sharjah,LuLu Al Nahda,Hypermarket,Fresh,Bakery,National Brand,10,5.57,19.5,55.7,44.84,41.57,3.27,In-store,Card,DSF,35-44,Female,No,4
TXN-00295,2026-01-08 12:39:52,2026-01-08,2026-01,Thursday,No,Sharjah,LuLu Muwaileh,Supermarket,Grocery,Rice & Grains,National Brand,4,73.83,0.0,295.32,295.32,243.45,51.87,In-store,Cash,No Promotion,25-34,Male,Yes,3
TXN-00296,2026-01-08 14:47:58,2026-01-08,2026-01,Thursday,No,Dubai,LuLu Al Barsha,Hypermarket,Furniture,Office Chairs,National Brand,2,967.96,15.8,1935.92,1630.04,1311.43,318.61,In-store,Buy Now Pay Later,DSF,35-44,Female,Yes,4
TXN-00297,2026-01-08 18:58:09,2026-01-08,2026-01,Thursday,No,Dubai,LuLu Silicon Oasis,Supermarket,Fashion,Accessories,National Brand,4,92.09,39.1,368.36,224.33,227.45,-3.12,In-store,Card,DSF,25-34,Female,No,1
TXN-00298,2026-01-09 10:17:38,2026-01-09,2026-01,Friday,No,Fujairah,LuLu Fujairah City,Hypermarket,Fresh,Meat & Poultry,National Brand,2,42.55,14.4,85.1,72.85,67.83,5.02,Online,Card,DSF,35-44,Male,No,2
TXN-00299,2026-01-09 20:15:53,2026-01-09,2026-01,Friday,No,Ajman,LuLu Al Jurf,Hypermarket,Fashion,Men's Wear,National Brand,3,168.57,19.0,505.71,409.63,258.18,151.45,In-store,Cash,DSF,35-44,Male,Yes,2
TXN-00300,2026-01-10 09:43:44,2026-01-10,2026-01,Saturday,Yes,Sharjah,LuLu Muwaileh,Supermarket,Grocery,Beverages,National Brand,10,23.48,18.5,234.8,191.36,188.67,2.69,In-store,Card,DSF,35-44,Male,Yes,5
TXN-00301,2026-01-10 10:53:51,2026-01-10,2026-01,Saturday,Yes,Sharjah,LuLu Al Nahda,Hypermarket,Fashion,Kids' Wear,National Brand,4,43.15,0.0,172.6,172.6,93.17,79.43,In-store,Digital Wallet,No Promotion,25-34,Male,No,5
TXN-00302,2026-01-10 14:16:56,2026-01-10,2026-01,Saturday,Yes,Sharjah,LuLu Muwaileh,Supermarket,Electronics,Audio & Accessories,National Brand,2,350.82,0.0,701.64,701.64,603.28,98.36,In-store,Digital Wallet,No Promotion,35-44,Male,No,3
TXN-00303,2026-01-10 16:40:39,2026-01-10,2026-01,Saturday,Yes,Dubai,LuLu Al Qusais,Hypermarket,Fresh,Dairy & Eggs,National Brand,9,22.2,10.0,199.8,179.82,146.24,33.58,In-store,Digital Wallet,DSF,25-34,Male,No,5
TXN-00304,2026-01-10 17:05:01,2026-01-10,2026-01,Saturday,Yes,Dubai,LuLu Al Barsha,Hypermarket,Electronics,Laptops,National Brand,1,5259.89,21.9,5259.89,4107.97,4513.51,-405.54,In-store,Buy Now Pay Later,DSF,25-34,Male,Yes,5
TXN-00305,2026-01-10 19:49:23,2026-01-10,2026-01,Saturday,Yes,Abu Dhabi,LuLu Al Wahda,Hypermarket,Furniture,Office Chairs,National Brand,1,756.77,24.5,756.77,571.36,512.04,59.32,In-store,Digital Wallet,DSF,25-34,Male,Yes,4
TXN-00306,2026-01-10 20:36:08,2026-01-10,2026-01,Saturday,Yes,Dubai,LuLu Al Barsha,Hypermarket,Grocery,Snacks,LuLu Private Label,2,5.89,28.5,11.78,8.42,9.52,-1.1,In-store,Card,DSF,45-54,Male,Yes,4
TXN-00307,2026-01-11 12:00:17,2026-01-11,2026-01,Sunday,Yes,Sharjah,LuLu Muwaileh,Supermarket,Furniture,Storage & Wardrobes,National Brand,2,2852.97,20.1,5705.94,4559.05,4149.75,409.3,In-store,Card,DSF,35-44,Female,Yes,5
TXN-00308,2026-01-11 19:26:24,2026-01-11,2026-01,Sunday,Yes,Abu Dhabi,LuLu Mushrif,Hypermarket,Grocery,Beverages,National Brand,4,12.25,0.0,49.0,49.0,41.74,7.26,Click & Collect,Card,No Promotion,35-44,Female,No,3
TXN-00309,2026-01-11 21:53:30,2026-01-11,2026-01,Sunday,Yes,Umm Al Quwain,LuLu UAQ Central,Supermarket,Grocery,Snacks,LuLu Private Label,7,12.1,0.0,84.7,84.7,69.17,15.53,In-store,Card,No Promotion,25-34,Female,No,4
TXN-00310,2026-01-12 15:36:39,2026-01-12,2026-01,Monday,No,Abu Dhabi,LuLu Al Wahda,Hypermarket,Fashion,Accessories,National Brand,2,94.76,29.4,189.52,133.8,111.86,21.94,In-store,Cash,DSF,35-44,Male,No,5
TXN-00311,2026-01-12 17:24:45,2026-01-12,2026-01,Monday,No,Ras Al Khaimah,LuLu Al Hamra,Supermarket,Grocery,Snacks,National Brand,5,6.04,0.0,30.2,30.2,26.27,3.93,Click & Collect,Card,No Promotion,35-44,Male,Yes,5
TXN-00312,2026-01-12 18:10:48,2026-01-12,2026-01,Monday,No,Fujairah,LuLu Fujairah City,Hypermarket,Furniture,Storage & Wardrobes,LuLu Private Label,1,2527.39,19.2,2527.39,2042.13,1703.61,338.52,In-store,Buy Now Pay Later,DSF,18-24,Male,No,2
TXN-00313,2026-01-12 19:59:34,2026-01-12,2026-01,Monday,No,Dubai,LuLu Al Qusais,Hypermarket,Grocery,Rice & Grains,LuLu Private Label,8,87.93,22.4,703.44,545.87,567.57,-21.7,In-store,Card,DSF,25-34,Male,Yes,5
TXN-00314,2026-01-12 20:18:42,2026-01-12,2026-01,Monday,No,Abu Dhabi,LuLu Khalifa City,Supermarket,Grocery,Household Cleaning,National Brand,11,23.95,12.5,263.45,230.52,214.58,15.94,In-store,Digital Wallet,DSF,55+,Female,No,3
TXN-00315,2026-01-13 10:47:37,2026-01-13,2026-01,Tuesday,No,Dubai,LuLu Silicon Oasis,Supermarket,Fresh,Meat & Poultry,LuLu Private Label,8,43.64,9.5,349.12,315.95,275.47,40.48,In-store,Cash,DSF,35-44,Female,Yes,5
TXN-00316,2026-01-13 21:14:24,2026-01-13,2026-01,Tuesday,No,Dubai,LuLu Silicon Oasis,Supermarket,Fashion,Women's Wear,National Brand,4,201.62,36.7,806.48,510.5,414.53,95.97,Click & Collect,Card,DSF,35-44,Male,Yes,5
TXN-00317,2026-01-13 23:01:10,2026-01-13,2026-01,Tuesday,No,Dubai,LuLu Al Qusais,Hypermarket,Home Decor,Bedding & Linen,National Brand,1,378.47,32.6,378.47,255.09,221.17,33.92,Online,Card,DSF,35-44,Female,No,3
TXN-00318,2026-01-14 16:16:19,2026-01-14,2026-01,Wednesday,No,Abu Dhabi,LuLu Al Wahda,Hypermarket,Electronics,Audio & Accessories,National Brand,1,83.51,13.0,83.51,72.65,71.65,1.0,Online,Card,DSF,35-44,Male,No,5
TXN-00319,2026-01-15 16:03:50,2026-01-15,2026-01,Thursday,No,Sharjah,LuLu Al Majaz,Express,Fresh,Seafood,National Brand,13,48.93,17.6,636.09,524.14,484.67,39.47,In-store,Card,DSF,25-34,Male,Yes,5
TXN-00320,2026-01-15 17:33:16,2026-01-15,2026-01,Thursday,No,Dubai,LuLu Al Qusais,Hypermarket,Fresh,Fruits & Vegetables,National Brand,4,4.06,16.4,16.24,13.58,12.02,1.56,In-store,Card,DSF,35-44,Male,No,2
TXN-00321,2026-01-15 18:06:05,2026-01-15,2026-01,Thursday,No,Sharjah,LuLu Al Nahda,Hypermarket,Fresh,Seafood,National Brand,4,59.83,1.4,239.32,235.97,179.94,56.03,In-store,Cash,No Promotion,45-54,Male,No,4
TXN-00322,2026-01-15 19:24:52,2026-01-15,2026-01,Thursday,No,Dubai,LuLu JLT,Express,Fashion,Accessories,National Brand,4,34.4,20.3,137.6,109.67,87.97,21.7,Click & Collect,Card,DSF,18-24,Female,No,5
TXN-00323,2026-01-15 21:29:06,2026-01-15,2026-01,Thursday,No,Abu Dhabi,LuLu Khalifa City,Supermarket,Fresh,Bakery,LuLu Private Label,7,11.36,0.0,79.52,79.52,63.07,16.45,In-store,Card,No Promotion,35-44,Female,Yes,4
TXN-00324,2026-01-16 10:32:47,2026-01-16,2026-01,Friday,No,Dubai,LuLu Al Qusais,Hypermarket,Grocery,Snacks,National Brand,7,7.27,29.8,50.89,35.72,44.62,-8.9,In-store,Buy Now Pay Later,DSF,35-44,Male,No,4
TXN-00325,2026-01-16 17:04:09,2026-01-16,2026-01,Friday,No,Dubai,LuLu JLT,Express,Fresh,Fruits & Vegetables,LuLu Private Label,7,6.35,0.2,44.45,44.36,34.46,9.9,In-store,Digital Wallet,No Promotion,18-24,Male,Yes,4
TXN-00326,2026-01-16 18:00:50,2026-01-16,2026-01,Friday,No,Abu Dhabi,LuLu Khalifa City,Supermarket,Electronics,Audio & Accessories,National Brand,2,266.47,19.8,532.94,427.42,421.9,5.52,In-store,Card,DSF,45-54,Male,Yes,3
TXN-00327,2026-01-16 18:26:53,2026-01-16,2026-01,Friday,No,Umm Al Quwain,LuLu UAQ Central,Supermarket,Fashion,Women's Wear,National Brand,1,289.19,3.1,289.19,280.23,174.99,105.24,Online,Card,No Promotion,35-44,Female,No,4
TXN-00328,2026-01-16 19:39:05,2026-01-16,2026-01,Friday,No,Ajman,LuLu Al Jurf,Hypermarket,Fashion,Footwear,LuLu Private Label,3,310.61,30.8,931.83,644.83,470.05,174.78,In-store,Card,DSF,55+,Female,No,5
TXN-00329,2026-01-17 11:09:08,2026-01-17,2026-01,Saturday,Yes,Dubai,LuLu Al Qusais,Hypermarket,Grocery,Cooking Oil & Ghee,National Brand,5,24.51,12.8,122.55,106.86,107.01,-0.15,Click & Collect,Card,DSF,35-44,Female,Yes,5
TXN-00330,2026-01-17 13:04:00,2026-01-17,2026-01,Saturday,Yes,Dubai,LuLu Al Qusais,Hypermarket,Fresh,Seafood,LuLu Private Label,8,30.83,5.1,246.64,234.06,200.89,33.17,In-store,Cash,Weekend Deal,35-44,Male,Yes,4
TXN-00331,2026-01-17 15:55:08,2026-01-17,2026-01,Saturday,Yes,Sharjah,LuLu Al Nahda,Hypermarket,Fashion,Footwear,National Brand,3,71.97,33.1,215.91,144.44,126.21,18.23,In-store,Digital Wallet,DSF,25-34,Female,No,4
TXN-00332,2026-01-17 16:59:16,2026-01-17,2026-01,Saturday,Yes,Dubai,LuLu Al Qusais,Hypermarket,Fresh,Bakery,National Brand,9,7.33,0.0,65.97,65.97,48.18,17.79,In-store,Card,No Promotion,25-34,Female,No,5
TXN-00333,2026-01-17 18:12:25,2026-01-17,2026-01,Saturday,Yes,Abu Dhabi,LuLu Al Wahda,Hypermarket,Grocery,Snacks,LuLu Private Label,8,6.43,5.2,51.44,48.77,43.46,5.31,In-store,Cash,Weekend Deal,25-34,Male,No,5
TXN-00334,2026-01-17 18:29:50,2026-01-17,2026-01,Saturday,Yes,Abu Dhabi,LuLu Al Reem,Express,Fresh,Meat & Poultry,National Brand,3,20.75,5.2,62.25,59.01,48.3,10.71,In-store,Card,Weekend Deal,35-44,Male,No,4
TXN-00335,2026-01-17 23:22:20,2026-01-17,2026-01,Saturday,Yes,Dubai,LuLu Al Qusais,Hypermarket,Electronics,Televisions,National Brand,1,3851.47,0.0,3851.47,3851.47,3259.86,591.61,In-store,Buy Now Pay Later,No Promotion,25-34,Male,Yes,2
TXN-00336,2026-01-18 11:17:42,2026-01-18,2026-01,Sunday,Yes,Dubai,LuLu Al Qusais,Hypermarket,Fashion,Kids' Wear,National Brand,2,74.02,7.2,148.04,137.38,95.32,42.06,In-store,Digital Wallet,Weekend Deal,18-24,Female,Yes,4
TXN-00337,2026-01-18 13:23:47,2026-01-18,2026-01,Sunday,Yes,Abu Dhabi,LuLu Al Reem,Express,Grocery,Cooking Oil & Ghee,LuLu Private Label,4,52.89,18.4,211.56,172.63,179.01,-6.38,Click & Collect,Card,DSF,25-34,Female,Yes,5
TXN-00338,2026-01-18 20:52:53,2026-01-18,2026-01,Sunday,Yes,Abu Dhabi,LuLu Mushrif,Hypermarket,Fresh,Dairy & Eggs,National Brand,5,6.51,8.9,32.55,29.65,26.5,3.15,In-store,Digital Wallet,DSF,45-54,Female,No,5
TXN-00339,2026-01-19 20:48:21,2026-01-19,2026-01,Monday,No,Abu Dhabi,LuLu Al Reem,Express,Grocery,Rice & Grains,National Brand,4,55.02,0.0,220.08,220.08,189.1,30.98,In-store,Card,No Promotion,25-34,Female,Yes,5
TXN-00340,2026-01-19 23:29:40,2026-01-19,2026-01,Monday,No,Abu Dhabi,LuLu Al Reem,Express,Home Decor,Kitchenware,National Brand,2,129.76,15.4,259.52,219.55,159.55,60.0,In-store,Digital Wallet,DSF,18-24,Male,No,5
TXN-00341,2026-01-20 14:33:00,2026-01-20,2026-01,Tuesday,No,Ras Al Khaimah,LuLu Al Hamra,Supermarket,Fashion,Footwear,National Brand,3,183.07,30.6,549.21,381.15,277.17,103.98,Click & Collect,Digital Wallet,DSF,35-44,Female,Yes,4
TXN-00342,2026-01-20 15:07:04,2026-01-20,2026-01,Tuesday,No,Dubai,LuLu Al Qusais,Hypermarket,Fresh,Bakery,National Brand,1,19.65,15.3,19.65,16.64,15.14,1.5,In-store,Cash,DSF,35-44,Male,Yes,5
TXN-00343,2026-01-20 18:31:42,2026-01-20,2026-01,Tuesday,No,Dubai,LuLu JLT,Express,Grocery,Rice & Grains,National Brand,3,23.41,20.8,70.23,55.62,60.88,-5.26,In-store,Digital Wallet,DSF,25-34,Male,Yes,5
TXN-00344,2026-01-21 15:05:58,2026-01-21,2026-01,Wednesday,No,Umm Al Quwain,LuLu UAQ Central,Supermarket,Grocery,Rice & Grains,LuLu Private Label,5,86.62,0.0,433.1,433.1,359.79,73.31,In-store,Cash,No Promotion,35-44,Male,No,5
TXN-00345,2026-01-21 20:28:24,2026-01-21,2026-01,Wednesday,No,Abu Dhabi,LuLu Al Reem,Express,Fresh,Dairy & Eggs,National Brand,8,22.78,0.0,182.24,182.24,138.55,43.69,Click & Collect,Card,No Promotion,45-54,Male,Yes,4
TXN-00346,2026-01-21 23:29:34,2026-01-21,2026-01,Wednesday,No,Sharjah,LuLu Al Nahda,Hypermarket,Electronics,Small Appliances,National Brand,1,309.89,2.4,309.89,302.45,247.18,55.27,In-store,Buy Now Pay Later,No Promotion,25-34,Female,Yes,2
TXN-00347,2026-01-22 13:58:17,2026-01-22,2026-01,Thursday,No,Dubai,LuLu Silicon Oasis,Supermarket,Grocery,Household Cleaning,LuLu Private Label,5,35.23,19.8,176.15,141.27,148.19,-6.92,In-store,Card,DSF,35-44,Female,Yes,5
TXN-00348,2026-01-22 20:44:46,2026-01-22,2026-01,Thursday,No,Abu Dhabi,LuLu Khalifa City,Supermarket,Fresh,Seafood,National Brand,8,49.29,13.0,394.32,343.06,289.89,53.17,In-store,Cash,DSF,35-44,Male,Yes,5
TXN-00349,2026-01-23 18:52:07,2026-01-23,2026-01,Friday,No,Abu Dhabi,LuLu Al Reem,Express,Fashion,Kids' Wear,National Brand,1,70.61,18.3,70.61,57.69,42.54,15.15,Online,Card,DSF,25-34,Female,Yes,4
TXN-00350,2026-01-23 21:07:18,2026-01-23,2026-01,Friday,No,Sharjah,LuLu Al Nahda,Hypermarket,Fashion,Accessories,LuLu Private Label,3,43.46,16.0,130.38,109.52,81.67,27.85,In-store,Digital Wallet,DSF,25-34,Male,No,4
TXN-00351,2026-01-24 08:43:11,2026-01-24,2026-01,Saturday,Yes,Abu Dhabi,LuLu Al Reem,Express,Grocery,Cooking Oil & Ghee,National Brand,7,22.0,13.1,154.0,133.83,129.93,3.9,In-store,Cash,DSF,45-54,Female,No,1
TXN-00352,2026-01-24 11:08:55,2026-01-24,2026-01,Saturday,Yes,Sharjah,LuLu Al Majaz,Express,Fresh,Seafood,National Brand,2,52.06,17.4,104.12,86.0,80.94,5.06,In-store,Card,DSF,45-54,Female,Yes,2
TXN-00353,2026-01-24 15:12:12,2026-01-24,2026-01,Saturday,Yes,Abu Dhabi,LuLu Khalifa City,Supermarket,Electronics,Small Appliances,National Brand,1,698.12,4.0,698.12,670.2,594.79,75.41,In-store,Buy Now Pay Later,Weekend Deal,18-24,Male,Yes,4
TXN-00354,2026-01-24 16:20:46,2026-01-24,2026-01,Saturday,Yes,Abu Dhabi,LuLu Khalifa City,Supermarket,Fresh,Bakery,LuLu Private Label,9,18.67,0.0,168.03,168.03,125.39,42.64,In-store,Card,No Promotion,25-34,Male,No,3
TXN-00355,2026-01-24 18:34:27,2026-01-24,2026-01,Saturday,Yes,Dubai,LuLu Al Barsha,Hypermarket,Fashion,Footwear,National Brand,4,140.35,31.0,561.4,387.37,340.38,46.99,In-store,Digital Wallet,DSF,35-44,Female,No,4
TXN-00356,2026-01-24 18:49:46,2026-01-24,2026-01,Saturday,Yes,Sharjah,LuLu Al Nahda,Hypermarket,Fresh,Fruits & Vegetables,National Brand,2,5.83,17.6,11.66,9.61,8.66,0.95,In-store,Card,DSF,25-34,Male,No,4
TXN-00357,2026-01-25 09:43:20,2026-01-25,2026-01,Sunday,Yes,Dubai,LuLu JLT,Express,Grocery,Rice & Grains,LuLu Private Label,2,26.48,0.0,52.96,52.96,45.31,7.65,In-store,Digital Wallet,No Promotion,25-34,Female,Yes,5
TXN-00358,2026-01-25 15:16:35,2026-01-25,2026-01,Sunday,Yes,Sharjah,LuLu Al Majaz,Express,Grocery,Cooking Oil & Ghee,National Brand,7,13.86,14.3,97.02,83.15,81.53,1.62,In-store,Cash,DSF,35-44,Female,No,4
TXN-00359,2026-01-25 18:34:56,2026-01-25,2026-01,Sunday,Yes,Abu Dhabi,LuLu Al Reem,Express,Fresh,Meat & Poultry,LuLu Private Label,7,18.14,16.1,126.98,106.54,99.34,7.2,In-store,Card,DSF,18-24,Female,No,5
TXN-00360,2026-01-25 19:00:39,2026-01-25,2026-01,Sunday,Yes,Abu Dhabi,LuLu Mushrif,Hypermarket,Grocery,Rice & Grains,National Brand,2,37.84,23.0,75.68,58.27,63.02,-4.75,Click & Collect,Card,DSF,18-24,Female,No,2
TXN-00361,2026-01-26 21:17:39,2026-01-26,2026-01,Monday,No,Sharjah,LuLu Al Nahda,Hypermarket,Home Decor,Lighting,National Brand,1,104.92,0.0,104.92,104.92,64.65,40.27,In-store,Cash,No Promotion,25-34,Female,Yes,4
TXN-00362,2026-01-29 22:39:02,2026-01-29,2026-01,Thursday,No,Abu Dhabi,LuLu Al Wahda,Hypermarket,Furniture,Dining Sets,National Brand,1,2885.34,0.4,2885.34,2873.8,1837.14,1036.66,In-store,Cash,No Promotion,25-34,Male,Yes,5
TXN-00363,2026-01-31 18:16:19,2026-01-31,2026-01,Saturday,Yes,Dubai,LuLu Silicon Oasis,Supermarket,Grocery,Household Cleaning,National Brand,4,24.31,0.4,97.24,96.85,78.62,18.23,In-store,Cash,No Promotion,45-54,Male,No,4
TXN-00364,2026-01-31 19:39:26,2026-01-31,2026-01,Saturday,Yes,Sharjah,LuLu Al Nahda,Hypermarket,Grocery,Cooking Oil & Ghee,National Brand,3,17.67,0.4,53.01,52.8,43.71,9.09,In-store,Card,No Promotion,35-44,Female,Yes,4
TXN-00365,2026-02-01 13:13:19,2026-02-01,2026-02,Sunday,Yes,Ras Al Khaimah,LuLu Al Hamra,Supermarket,Grocery,Beverages,National Brand,4,22.63,0.0,90.52,90.52,78.42,12.1,In-store,Buy Now Pay Later,No Promotion,25-34,Male,Yes,5
TXN-00366,2026-02-01 16:01:01,2026-02-01,2026-02,Sunday,Yes,Umm Al Quwain,LuLu UAQ Central,Supermarket,Furniture,Sofas,National Brand,2,5081.72,14.8,10163.44,8659.25,7598.62,1060.63,In-store,Card,Weekend Deal,45-54,Male,No,4
TXN-00367,2026-02-02 17:39:43,2026-02-02,2026-02,Monday,No,Abu Dhabi,LuLu Al Wahda,Hypermarket,Fresh,Seafood,National Brand,11,34.54,0.0,379.94,379.94,296.1,83.84,Click & Collect,Digital Wallet,No Promotion,25-34,Female,No,5
TXN-00368,2026-02-02 18:13:37,2026-02-02,2026-02,Monday,No,Ajman,LuLu Al Jurf,Hypermarket,Fresh,Meat & Poultry,National Brand,8,54.77,0.0,438.16,438.16,339.46,98.7,In-store,Card,No Promotion,55+,Male,No,4
TXN-00369,2026-02-02 20:24:31,2026-02-02,2026-02,Monday,No,Ras Al Khaimah,LuLu Al Hamra,Supermarket,Electronics,Small Appliances,National Brand,2,390.72,1.7,781.44,768.16,663.51,104.65,Online,Card,No Promotion,55+,Female,No,3
TXN-00370,2026-02-02 22:34:50,2026-02-02,2026-02,Monday,No,Dubai,LuLu JLT,Express,Fresh,Meat & Poultry,LuLu Private Label,5,59.25,2.0,296.25,290.32,215.96,74.36,In-store,Cash,No Promotion,25-34,Female,Yes,4
TXN-00371,2026-02-03 21:21:14,2026-02-03,2026-02,Tuesday,No,Dubai,LuLu Al Barsha,Hypermarket,Fashion,Kids' Wear,National Brand,2,140.37,1.2,280.74,277.37,160.67,116.7,In-store,Digital Wallet,No Promotion,18-24,Male,No,3
TXN-00372,2026-02-04 11:05:54,2026-02-04,2026-02,Wednesday,No,Abu Dhabi,LuLu Mushrif,Hypermarket,Grocery,Snacks,National Brand,4,7.49,0.0,29.96,29.96,24.29,5.67,In-store,Digital Wallet,No Promotion,25-34,Male,Yes,5
TXN-00373,2026-02-04 11:45:59,2026-02-04,2026-02,Wednesday,No,Sharjah,LuLu Muwaileh,Supermarket,Home Decor,Bedding & Linen,National Brand,3,141.27,0.0,423.81,423.81,289.11,134.7,In-store,Card,No Promotion,25-34,Female,Yes,5
TXN-00374,2026-02-04 19:40:11,2026-02-04,2026-02,Wednesday,No,Ras Al Khaimah,LuLu Al Nakheel,Hypermarket,Grocery,Beverages,National Brand,9,15.25,1.4,137.25,135.33,117.53,17.8,In-store,Card,No Promotion,18-24,Female,Yes,5
TXN-00375,2026-02-04 21:28:29,2026-02-04,2026-02,Wednesday,No,Abu Dhabi,LuLu Khalifa City,Supermarket,Grocery,Rice & Grains,National Brand,6,16.55,1.9,99.3,97.41,82.77,14.64,In-store,Card,No Promotion,25-34,Male,Yes,3
TXN-00376,2026-02-05 18:31:10,2026-02-05,2026-02,Thursday,No,Dubai,LuLu Al Barsha,Hypermarket,Fashion,Accessories,National Brand,4,114.29,0.0,457.16,457.16,249.97,207.19,In-store,Digital Wallet,No Promotion,55+,Male,Yes,3
TXN-00377,2026-02-05 20:31:07,2026-02-05,2026-02,Thursday,No,Ajman,LuLu Al Jurf,Hypermarket,Grocery,Rice & Grains,National Brand,7,55.64,0.8,389.48,386.36,341.6,44.76,Online,Digital Wallet,No Promotion,35-44,Female,Yes,5
TXN-00378,2026-02-05 20:41:03,2026-02-05,2026-02,Thursday,No,Abu Dhabi,LuLu Khalifa City,Supermarket,Grocery,Rice & Grains,National Brand,9,17.48,0.0,157.32,157.32,131.23,26.09,In-store,Card,No Promotion,45-54,Male,Yes,4
TXN-00379,2026-02-05 22:40:07,2026-02-05,2026-02,Thursday,No,Dubai,LuLu Silicon Oasis,Supermarket,Grocery,Cooking Oil & Ghee,National Brand,7,22.21,0.0,155.47,155.47,136.2,19.27,In-store,Card,No Promotion,35-44,Male,Yes,3
TXN-00380,2026-02-06 12:27:37,2026-02-06,2026-02,Friday,No,Dubai,LuLu Al Barsha,Hypermarket,Grocery,Household Cleaning,National Brand,1,44.2,0.0,44.2,44.2,37.36,6.84,In-store,Card,No Promotion,25-34,Female,Yes,4
TXN-00381,2026-02-06 16:42:05,2026-02-06,2026-02,Friday,No,Dubai,LuLu Al Qusais,Hypermarket,Furniture,Office Chairs,National Brand,1,548.8,0.0,548.8,548.8,375.89,172.91,In-store,Cash,No Promotion,35-44,Female,Yes,5
TXN-00382,2026-02-07 15:37:40,2026-02-07,2026-02,Saturday,Yes,Dubai,LuLu JLT,Express,Fashion,Accessories,National Brand,1,50.09,0.0,50.09,50.09,26.6,23.49,Click & Collect,Card,No Promotion,25-34,Male,Yes,5
TXN-00383,2026-02-07 18:51:32,2026-02-07,2026-02,Saturday,Yes,Ajman,LuLu Al Jurf,Hypermarket,Grocery,Beverages,LuLu Private Label,4,13.79,0.0,55.16,55.16,44.81,10.35,Online,Card,No Promotion,55+,Male,Yes,4
TXN-00384,2026-02-07 21:35:22,2026-02-07,2026-02,Saturday,Yes,Abu Dhabi,LuLu Mushrif,Hypermarket,Grocery,Rice & Grains,National Brand,3,32.83,0.0,98.49,98.49,85.66,12.83,In-store,Cash,No Promotion,18-24,Female,Yes,1
TXN-00385,2026-02-08 20:14:04,2026-02-08,2026-02,Sunday,Yes,Fujairah,LuLu Fujairah City,Hypermarket,Grocery,Beverages,National Brand,8,10.68,4.0,85.44,82.02,73.36,8.66,In-store,Card,No Promotion,18-24,Male,Yes,3
TXN-00386,2026-02-08 21:41:23,2026-02-08,2026-02,Sunday,Yes,Ras Al Khaimah,LuLu Al Hamra,Supermarket,Electronics,Small Appliances,National Brand,1,580.91,0.0,580.91,580.91,464.98,115.93,In-store,Buy Now Pay Later,No Promotion,25-34,Male,Yes,3
TXN-00387,2026-02-09 13:29:17,2026-02-09,2026-02,Monday,No,Ras Al Khaimah,LuLu Al Hamra,Supermarket,Furniture,Office Chairs,National Brand,2,1293.01,0.1,2586.02,2583.43,1713.19,870.24,In-store,Card,No Promotion,18-24,Male,Yes,3
TXN-00388,2026-02-09 17:45:21,2026-02-09,2026-02,Monday,No,Dubai,LuLu JLT,Express,Fresh,Meat & Poultry,LuLu Private Label,6,32.01,0.0,192.06,192.06,144.24,47.82,In-store,Cash,No Promotion,18-24,Female,Yes,4
TXN-00389,2026-02-10 10:26:54,2026-02-10,2026-02,Tuesday,No,Sharjah,LuLu Al Nahda,Hypermarket,Fresh,Bakery,National Brand,2,5.68,1.3,11.36,11.21,9.08,2.13,Online,Card,No Promotion,25-34,Male,No,5
TXN-00390,2026-02-11 19:14:48,2026-02-11,2026-02,Wednesday,No,Sharjah,LuLu Muwaileh,Supermarket,Grocery,Household Cleaning,LuLu Private Label,1,12.12,0.0,12.12,12.12,9.96,2.16,In-store,Cash,No Promotion,25-34,Male,Yes,4
TXN-00391,2026-02-11 19:32:59,2026-02-11,2026-02,Wednesday,No,Abu Dhabi,LuLu Mushrif,Hypermarket,Fresh,Meat & Poultry,National Brand,6,52.85,0.6,317.1,315.2,235.91,79.29,In-store,Cash,No Promotion,35-44,Female,Yes,4
TXN-00392,2026-02-13 11:11:37,2026-02-13,2026-02,Friday,No,Sharjah,LuLu Al Nahda,Hypermarket,Fresh,Bakery,LuLu Private Label,3,17.43,2.3,52.29,51.09,41.19,9.9,In-store,Digital Wallet,No Promotion,25-34,Female,No,3
TXN-00393,2026-02-13 12:01:42,2026-02-13,2026-02,Friday,No,Sharjah,LuLu Al Majaz,Express,Fresh,Dairy & Eggs,National Brand,8,9.07,0.0,72.56,72.56,54.88,17.68,In-store,Card,No Promotion,25-34,Male,Yes,4
TXN-00394,2026-02-13 19:40:02,2026-02-13,2026-02,Friday,No,Fujairah,LuLu Fujairah City,Hypermarket,Grocery,Snacks,National Brand,2,11.95,0.0,23.9,23.9,20.58,3.32,In-store,Digital Wallet,No Promotion,35-44,Male,Yes,5
TXN-00395,2026-02-14 11:41:19,2026-02-14,2026-02,Saturday,Yes,Abu Dhabi,LuLu Al Wahda,Hypermarket,Fashion,Women's Wear,National Brand,1,259.3,3.1,259.3,251.26,150.55,100.71,Online,Card,No Promotion,18-24,Female,Yes,4
TXN-00396,2026-02-14 13:25:52,2026-02-14,2026-02,Saturday,Yes,Dubai,LuLu JLT,Express,Home Decor,Rugs & Carpets,LuLu Private Label,2,275.39,0.0,550.78,550.78,307.64,243.14,In-store,Card,No Promotion,35-44,Female,Yes,5
TXN-00397,2026-02-14 15:12:50,2026-02-14,2026-02,Saturday,Yes,Abu Dhabi,LuLu Khalifa City,Supermarket,Home Decor,Rugs & Carpets,National Brand,4,463.67,0.0,1854.68,1854.68,1044.56,810.12,Online,Card,No Promotion,25-34,Female,No,5
TXN-00398,2026-02-14 18:47:14,2026-02-14,2026-02,Saturday,Yes,Sharjah,LuLu Al Majaz,Express,Grocery,Household Cleaning,National Brand,5,14.72,0.0,73.6,73.6,60.68,12.92,Click & Collect,Card,No Promotion,25-34,Female,Yes,4
TXN-00399,2026-02-14 20:13:28,2026-02-14,2026-02,Saturday,Yes,Dubai,LuLu Silicon Oasis,Supermarket,Grocery,Household Cleaning,National Brand,2,41.43,0.0,82.86,82.86,67.43,15.43,In-store,Cash,No Promotion,25-34,Male,Yes,3
TXN-00400,2026-02-14 20:33:18,2026-02-14,2026-02,Saturday,Yes,Umm Al Quwain,LuLu UAQ Central,Supermarket,Fresh,Dairy & Eggs,National Brand,2,4.02,6.1,8.04,7.55,6.29,1.26,In-store,Card,Weekend Deal,25-34,Male,Yes,4
TXN-00401,2026-02-15 19:50:23,2026-02-15,2026-02,Sunday,Yes,Dubai,LuLu Silicon Oasis,Supermarket,Fashion,Kids' Wear,National Brand,3,73.44,11.8,220.32,194.32,138.26,56.06,In-store,Cash,Weekend Deal,25-34,Female,No,2
TXN-00402,2026-02-15 21:16:21,2026-02-15,2026-02,Sunday,Yes,Dubai,LuLu Al Qusais,Hypermarket,Fresh,Fruits & Vegetables,National Brand,3,16.29,3.0,48.87,47.4,39.7,7.7,Online,Card,Weekend Deal,55+,Female,Yes,3
TXN-00403,2026-02-16 12:52:52,2026-02-16,2026-02,Monday,No,Dubai,LuLu Al Qusais,Hypermarket,Fresh,Seafood,National Brand,5,63.13,0.0,315.65,315.65,236.6,79.05,In-store,Digital Wallet,No Promotion,25-34,Male,Yes,4
TXN-00404,2026-02-16 19:09:42,2026-02-16,2026-02,Monday,No,Abu Dhabi,LuLu Mushrif,Hypermarket,Electronics,Small Appliances,National Brand,2,367.47,0.0,734.94,734.94,592.83,142.11,In-store,Buy Now Pay Later,No Promotion,25-34,Male,No,5
TXN-00405,2026-02-17 18:55:57,2026-02-17,2026-02,Tuesday,No,Ras Al Khaimah,LuLu Al Hamra,Supermarket,Fashion,Men's Wear,National Brand,4,105.84,0.0,423.36,423.36,214.87,208.49,Click & Collect,Card,No Promotion,25-34,Male,Yes,5
TXN-00406,2026-02-18 10:24:33,2026-02-18,2026-02,Wednesday,No,Abu Dhabi,LuLu Al Wahda,Hypermarket,Electronics,Mobile Phones,National Brand,2,3684.74,12.3,7369.48,6463.03,6133.33,329.7,In-store,Cash,Ramadan,25-34,Male,Yes,5
TXN-00407,2026-02-18 18:03:02,2026-02-18,2026-02,Wednesday,No,Sharjah,LuLu Al Majaz,Express,Grocery,Snacks,LuLu Private Label,7,14.63,2.4,102.41,99.95,86.54,13.41,In-store,Buy Now Pay Later,No Promotion,25-34,Male,Yes,4
TXN-00408,2026-02-18 19:09:05,2026-02-18,2026-02,Wednesday,No,Umm Al Quwain,LuLu UAQ Central,Supermarket,Grocery,Beverages,National Brand,2,22.83,19.6,45.66,36.71,39.85,-3.14,In-store,Buy Now Pay Later,Ramadan,25-34,Female,Yes,5
TXN-00409,2026-02-18 19:51:46,2026-02-18,2026-02,Wednesday,No,Abu Dhabi,LuLu Mushrif,Hypermarket,Fashion,Men's Wear,National Brand,1,43.27,15.0,43.27,36.78,23.15,13.63,In-store,Digital Wallet,Ramadan,35-44,Male,No,4
TXN-00410,2026-02-19 14:20:26,2026-02-19,2026-02,Thursday,No,Dubai,LuLu Al Barsha,Hypermarket,Electronics,Small Appliances,National Brand,1,631.95,0.0,631.95,631.95,540.42,91.53,In-store,Card,No Promotion,55+,Female,No,3
TXN-00411,2026-02-19 18:04:43,2026-02-19,2026-02,Thursday,No,Sharjah,LuLu Muwaileh,Supermarket,Grocery,Household Cleaning,National Brand,6,23.88,0.2,143.28,142.99,118.08,24.91,Click & Collect,Card,No Promotion,18-24,Male,Yes,5
TXN-00412,2026-02-19 20:45:57,2026-02-19,2026-02,Thursday,No,Sharjah,LuLu Al Nahda,Hypermarket,Fresh,Seafood,LuLu Private Label,11,37.6,6.2,413.6,387.96,313.85,74.11,In-store,Cash,Ramadan,35-44,Female,No,3
TXN-00413,2026-02-19 23:12:12,2026-02-19,2026-02,Thursday,No,Dubai,LuLu Al Qusais,Hypermarket,Furniture,Beds & Mattresses,National Brand,2,1436.31,0.0,2872.62,2872.62,2087.63,784.99,In-store,Buy Now Pay Later,No Promotion,45-54,Male,Yes,3
TXN-00414,2026-02-20 13:03:46,2026-02-20,2026-02,Friday,No,Ajman,LuLu Al Jurf,Hypermarket,Fresh,Dairy & Eggs,LuLu Private Label,11,21.73,9.9,239.03,215.37,178.76,36.61,In-store,Digital Wallet,Ramadan,25-34,Female,No,3
TXN-00415,2026-02-20 15:00:25,2026-02-20,2026-02,Friday,No,Dubai,LuLu JLT,Express,Furniture,Office Chairs,LuLu Private Label,2,1339.19,24.4,2678.38,2024.86,1748.1,276.76,Click & Collect,Card,Ramadan,45-54,Male,Yes,4
TXN-00416,2026-02-20 18:40:31,2026-02-20,2026-02,Friday,No,Abu Dhabi,LuLu Al Wahda,Hypermarket,Grocery,Snacks,National Brand,9,16.07,11.4,144.63,128.14,125.22,2.92,In-store,Digital Wallet,Ramadan,35-44,Male,No,3
TXN-00417,2026-02-20 20:05:26,2026-02-20,2026-02,Friday,No,Abu Dhabi,LuLu Mushrif,Hypermarket,Fresh,Dairy & Eggs,LuLu Private Label,6,17.58,0.0,105.48,105.48,85.88,19.6,In-store,Card,No Promotion,35-44,Female,No,3
TXN-00418,2026-02-21 11:00:28,2026-02-21,2026-02,Saturday,Yes,Abu Dhabi,LuLu Khalifa City,Supermarket,Electronics,Laptops,National Brand,1,5742.56,0.0,5742.56,5742.56,4917.17,825.39,In-store,Digital Wallet,No Promotion,45-54,Male,Yes,5
TXN-00419,2026-02-21 11:38:08,2026-02-21,2026-02,Saturday,Yes,Dubai,LuLu Silicon Oasis,Supermarket,Fresh,Dairy & Eggs,National Brand,12,19.54,8.9,234.48,213.61,176.46,37.15,In-store,Cash,Ramadan,25-34,Female,Yes,4
TXN-00420,2026-02-21 11:39:34,2026-02-21,2026-02,Saturday,Yes,Dubai,LuLu JLT,Express,Furniture,Dining Sets,National Brand,1,1651.72,11.4,1651.72,1463.42,1130.97,332.45,In-store,Cash,Ramadan,45-54,Male,Yes,1
TXN-00421,2026-02-21 14:40:01,2026-02-21,2026-02,Saturday,Yes,Abu Dhabi,LuLu Al Reem,Express,Fresh,Dairy & Eggs,LuLu Private Label,13,12.94,10.7,168.22,150.22,121.21,29.01,In-store,Cash,Ramadan,35-44,Female,No,4
TXN-00422,2026-02-21 18:44:02,2026-02-21,2026-02,Saturday,Yes,Sharjah,LuLu Muwaileh,Supermarket,Grocery,Snacks,National Brand,1,10.69,11.8,10.69,9.43,8.59,0.84,In-store,Digital Wallet,Ramadan,45-54,Male,No,4
TXN-00423,2026-02-21 19:04:14,2026-02-21,2026-02,Saturday,Yes,Dubai,LuLu Al Barsha,Hypermarket,Home Decor,Rugs & Carpets,National Brand,3,489.41,2.2,1468.23,1435.93,817.36,618.57,In-store,Card,No Promotion,25-34,Male,Yes,5
TXN-00424,2026-02-21 21:08:08,2026-02-21,2026-02,Saturday,Yes,Sharjah,LuLu Al Majaz,Express,Electronics,Small Appliances,LuLu Private Label,2,384.63,0.0,769.26,769.26,603.9,165.36,In-store,Cash,No Promotion,25-34,Male,Yes,5
TXN-00425,2026-02-21 21:51:11,2026-02-21,2026-02,Saturday,Yes,Dubai,LuLu Al Qusais,Hypermarket,Furniture,Beds & Mattresses,National Brand,1,922.82,14.4,922.82,789.93,635.35,154.58,Online,Buy Now Pay Later,Ramadan,18-24,Female,Yes,4
TXN-00426,2026-02-22 21:59:17,2026-02-22,2026-02,Sunday,Yes,Dubai,LuLu Silicon Oasis,Supermarket,Fresh,Fruits & Vegetables,National Brand,12,18.9,10.9,226.8,202.08,176.28,25.8,In-store,Cash,Ramadan,35-44,Female,Yes,3
TXN-00427,2026-02-23 15:58:23,2026-02-23,2026-02,Monday,No,Dubai,LuLu Silicon Oasis,Supermarket,Fashion,Women's Wear,LuLu Private Label,2,118.6,22.3,237.2,184.3,142.4,41.9,In-store,Digital Wallet,Ramadan,25-34,Male,No,3
TXN-00428,2026-02-24 20:53:12,2026-02-24,2026-02,Tuesday,No,Abu Dhabi,LuLu Al Wahda,Hypermarket,Grocery,Snacks,National Brand,9,12.23,0.0,110.07,110.07,89.66,20.41,In-store,Card,No Promotion,35-44,Female,No,3
TXN-00429,2026-02-25 15:27:03,2026-02-25,2026-02,Wednesday,No,Dubai,LuLu Al Qusais,Hypermarket,Furniture,Beds & Mattresses,National Brand,2,2876.15,3.0,5752.3,5579.73,3619.66,1960.07,In-store,Buy Now Pay Later,No Promotion,25-34,Female,No,4
TXN-00430,2026-02-25 17:30:37,2026-02-25,2026-02,Wednesday,No,Ajman,LuLu Al Jurf,Hypermarket,Electronics,Small Appliances,National Brand,2,642.16,10.0,1284.32,1155.89,1099.29,56.6,In-store,Digital Wallet,Ramadan,35-44,Female,No,5
TXN-00431,2026-02-25 18:47:07,2026-02-25,2026-02,Wednesday,No,Abu Dhabi,LuLu Mushrif,Hypermarket,Grocery,Rice & Grains,National Brand,7,29.27,10.6,204.89,183.17,177.68,5.49,In-store,Card,Ramadan,18-24,Female,Yes,2
TXN-00432,2026-02-25 21:42:28,2026-02-25,2026-02,Wednesday,No,Sharjah,LuLu Al Nahda,Hypermarket,Home Decor,Rugs & Carpets,National Brand,1,130.49,21.3,130.49,102.7,81.58,21.12,Online,Digital Wallet,Ramadan,45-54,Female,Yes,5
TXN-00433,2026-02-25 22:27:42,2026-02-25,2026-02,Wednesday,No,Dubai,LuLu Al Barsha,Hypermarket,Grocery,Snacks,National Brand,2,19.43,3.4,38.86,37.54,34.05,3.49,In-store,Card,No Promotion,25-34,Male,No,3
TXN-00434,2026-02-25 22:34:54,2026-02-25,2026-02,Wednesday,No,Dubai,LuLu Silicon Oasis,Supermarket,Fresh,Fruits & Vegetables,National Brand,2,11.44,0.0,22.88,22.88,17.29,5.59,In-store,Digital Wallet,No Promotion,35-44,Female,No,3
TXN-00435,2026-02-26 14:33:57,2026-02-26,2026-02,Thursday,No,Abu Dhabi,LuLu Al Reem,Express,Grocery,Household Cleaning,LuLu Private Label,6,21.61,17.3,129.66,107.23,108.79,-1.56,Click & Collect,Card,Ramadan,55+,Male,Yes,4
TXN-00436,2026-02-26 15:35:39,2026-02-26,2026-02,Thursday,No,Ras Al Khaimah,LuLu Al Nakheel,Hypermarket,Fresh,Dairy & Eggs,National Brand,6,15.76,7.7,94.56,87.28,75.74,11.54,Online,Card,Ramadan,35-44,Male,Yes,4
TXN-00437,2026-02-26 19:23:24,2026-02-26,2026-02,Thursday,No,Ajman,LuLu Al Nuaimiya,Express,Fresh,Meat & Poultry,National Brand,12,31.0,10.5,372.0,332.94,282.59,50.35,In-store,Cash,Ramadan,25-34,Female,Yes,5
TXN-00438,2026-02-26 20:29:30,2026-02-26,2026-02,Thursday,No,Ajman,LuLu Al Nuaimiya,Express,Grocery,Cooking Oil & Ghee,LuLu Private Label,6,27.26,18.4,163.56,133.46,133.49,-0.03,Online,Card,Ramadan,55+,Male,Yes,4
TXN-00439,2026-02-26 21:22:56,2026-02-26,2026-02,Thursday,No,Sharjah,LuLu Muwaileh,Supermarket,Furniture,Sofas,National Brand,2,4587.51,0.0,9175.02,9175.02,5712.39,3462.63,Click & Collect,Card,No Promotion,45-54,Male,No,4
TXN-00440,2026-02-27 11:27:45,2026-02-27,2026-02,Friday,No,Abu Dhabi,LuLu Khalifa City,Supermarket,Grocery,Rice & Grains,LuLu Private Label,8,35.81,0.0,286.48,286.48,232.95,53.53,In-store,Cash,No Promotion,45-54,Female,No,3
TXN-00441,2026-02-27 14:09:09,2026-02-27,2026-02,Friday,No,Ajman,LuLu Al Jurf,Hypermarket,Furniture,Sofas,National Brand,1,2753.63,4.0,2753.63,2643.48,1809.87,833.61,In-store,Cash,No Promotion,55+,Male,Yes,5
TXN-00442,2026-02-27 18:43:54,2026-02-27,2026-02,Friday,No,Ajman,LuLu Al Jurf,Hypermarket,Grocery,Household Cleaning,National Brand,7,32.42,0.0,226.94,226.94,194.22,32.72,Click & Collect,Card,No Promotion,35-44,Male,No,5
TXN-00443,2026-02-27 19:08:31,2026-02-27,2026-02,Friday,No,Dubai,LuLu Al Qusais,Hypermarket,Grocery,Beverages,National Brand,7,19.23,10.5,134.61,120.48,111.45,9.03,In-store,Card,Ramadan,18-24,Male,No,4
TXN-00444,2026-02-28 15:53:42,2026-02-28,2026-02,Saturday,Yes,Abu Dhabi,LuLu Al Reem,Express,Grocery,Household Cleaning,LuLu Private Label,2,33.61,0.0,67.22,67.22,57.04,10.18,In-store,Digital Wallet,No Promotion,35-44,Female,No,4
TXN-00445,2026-02-28 18:55:08,2026-02-28,2026-02,Saturday,Yes,Abu Dhabi,LuLu Mushrif,Hypermarket,Fresh,Meat & Poultry,LuLu Private Label,2,55.31,6.5,110.62,103.43,89.52,13.91,In-store,Cash,Ramadan,18-24,Female,No,5
TXN-00446,2026-02-28 21:31:15,2026-02-28,2026-02,Saturday,Yes,Abu Dhabi,LuLu Mushrif,Hypermarket,Fresh,Meat & Poultry,LuLu Private Label,9,44.47,11.7,400.23,353.4,309.6,43.8,In-store,Digital Wallet,Ramadan,25-34,Female,No,4
TXN-00447,2026-03-01 11:05:53,2026-03-01,2026-03,Sunday,Yes,Dubai,LuLu Al Barsha,Hypermarket,Fresh,Meat & Poultry,National Brand,3,24.8,5.0,74.4,70.68,58.56,12.12,In-store,Card,Ramadan,18-24,Female,Yes,3
TXN-00448,2026-03-01 15:10:40,2026-03-01,2026-03,Sunday,Yes,Sharjah,LuLu Al Majaz,Express,Grocery,Cooking Oil & Ghee,National Brand,9,56.84,12.5,511.56,447.62,418.75,28.87,In-store,Card,Ramadan,45-54,Male,No,4
TXN-00449,2026-03-01 15:23:57,2026-03-01,2026-03,Sunday,Yes,Sharjah,LuLu Al Nahda,Hypermarket,Fashion,Men's Wear,National Brand,3,164.29,21.0,492.87,389.37,316.12,73.25,In-store,Card,Ramadan,18-24,Female,Yes,3
TXN-00450,2026-03-01 18:40:32,2026-03-01,2026-03,Sunday,Yes,Ajman,LuLu Al Nuaimiya,Express,Grocery,Rice & Grains,National Brand,6,66.97,8.9,401.82,366.06,348.5,17.56,In-store,Digital Wallet,Ramadan,18-24,Male,No,5
TXN-00451,2026-03-01 20:35:15,2026-03-01,2026-03,Sunday,Yes,Dubai,LuLu Al Barsha,Hypermarket,Fresh,Seafood,National Brand,8,65.27,9.9,522.16,470.47,420.5,49.97,Online,Digital Wallet,Ramadan,35-44,Female,Yes,4
TXN-00452,2026-03-02 11:39:00,2026-03-02,2026-03,Monday,No,Abu Dhabi,LuLu Al Wahda,Hypermarket,Electronics,Televisions,National Brand,1,1082.89,7.0,1082.89,1007.09,899.46,107.63,In-store,Card,Ramadan,25-34,Male,Yes,3
TXN-00453,2026-03-02 19:48:03,2026-03-02,2026-03,Monday,No,Sharjah,LuLu Al Nahda,Hypermarket,Fresh,Bakery,LuLu Private Label,4,3.94,10.5,15.76,14.11,12.7,1.41,In-store,Card,Ramadan,35-44,Male,No,3
TXN-00454,2026-03-03 11:05:05,2026-03-03,2026-03,Tuesday,No,Abu Dhabi,LuLu Al Wahda,Hypermarket,Grocery,Beverages,National Brand,10,21.29,11.6,212.9,188.2,183.12,5.08,Online,Card,Ramadan,35-44,Female,No,5
TXN-00455,2026-03-03 11:54:44,2026-03-03,2026-03,Tuesday,No,Abu Dhabi,LuLu Mushrif,Hypermarket,Home Decor,Rugs & Carpets,National Brand,2,156.93,21.7,313.86,245.75,203.87,41.88,In-store,Card,Ramadan,25-34,Female,No,5
TXN-00456,2026-03-03 12:48:56,2026-03-03,2026-03,Tuesday,No,Dubai,LuLu Silicon Oasis,Supermarket,Fresh,Seafood,LuLu Private Label,2,72.71,2.1,145.42,142.37,106.11,36.26,In-store,Card,No Promotion,45-54,Female,No,5
TXN-00457,2026-03-03 21:58:07,2026-03-03,2026-03,Tuesday,No,Dubai,LuLu Silicon Oasis,Supermarket,Furniture,Sofas,National Brand,2,3419.43,0.0,6838.86,6838.86,4683.04,2155.82,Online,Card,No Promotion,45-54,Female,No,4
TXN-00458,2026-03-04 11:45:21,2026-03-04,2026-03,Wednesday,No,Sharjah,LuLu Al Majaz,Express,Fresh,Fruits & Vegetables,National Brand,11,13.46,5.5,148.06,139.92,116.45,23.47,Online,Card,Ramadan,45-54,Male,No,4
TXN-00459,2026-03-04 19:08:54,2026-03-04,2026-03,Wednesday,No,Dubai,LuLu JLT,Express,Grocery,Beverages,National Brand,2,22.92,3.7,45.84,44.14,38.0,6.14,In-store,Digital Wallet,No Promotion,18-24,Male,Yes,3
TXN-00460,2026-03-04 19:12:59,2026-03-04,2026-03,Wednesday,No,Dubai,LuLu Al Barsha,Hypermarket,Grocery,Cooking Oil & Ghee,LuLu Private Label,1,31.62,11.2,31.62,28.08,26.83,1.25,In-store,Cash,Ramadan,55+,Female,No,5
TXN-00461,2026-03-04 21:21:34,2026-03-04,2026-03,Wednesday,No,Abu Dhabi,LuLu Al Wahda,Hypermarket,Grocery,Beverages,National Brand,7,16.01,0.0,112.07,112.07,93.56,18.51,In-store,Card,No Promotion,45-54,Male,Yes,2
TXN-00462,2026-03-05 17:06:38,2026-03-05,2026-03,Thursday,No,Abu Dhabi,LuLu Al Reem,Express,Fresh,Fruits & Vegetables,National Brand,13,10.47,8.3,136.11,124.81,104.43,20.38,In-store,Buy Now Pay Later,Ramadan,25-34,Male,Yes,4
TXN-00463,2026-03-05 22:06:12,2026-03-05,2026-03,Thursday,No,Dubai,LuLu Silicon Oasis,Supermarket,Grocery,Rice & Grains,National Brand,3,56.77,0.6,170.31,169.29,138.79,30.5,In-store,Card,No Promotion,18-24,Male,Yes,5
TXN-00464,2026-03-06 12:19:49,2026-03-06,2026-03,Friday,No,Dubai,LuLu Al Barsha,Hypermarket,Grocery,Household Cleaning,National Brand,7,14.76,0.0,103.32,103.32,85.52,17.8,In-store,Card,No Promotion,25-34,Female,Yes,5
TXN-00465,2026-03-06 15:17:06,2026-03-06,2026-03,Friday,No,Abu Dhabi,LuLu Al Reem,Express,Fresh,Dairy & Eggs,LuLu Private Label,7,5.92,6.8,41.44,38.62,32.94,5.68,Online,Card,Ramadan,25-34,Male,Yes,3
TXN-00466,2026-03-06 16:49:15,2026-03-06,2026-03,Friday,No,Ajman,LuLu Al Nuaimiya,Express,Grocery,Rice & Grains,National Brand,5,81.3,0.2,406.5,405.69,339.94,65.75,In-store,Cash,No Promotion,18-24,Male,No,5
TXN-00467,2026-03-06 19:00:44,2026-03-06,2026-03,Friday,No,Dubai,LuLu Al Barsha,Hypermarket,Fresh,Fruits & Vegetables,National Brand,8,11.47,9.9,91.76,82.68,74.75,7.93,Online,Card,Ramadan,35-44,Female,No,4
TXN-00468,2026-03-06 19:43:52,2026-03-06,2026-03,Friday,No,Sharjah,LuLu Al Nahda,Hypermarket,Electronics,Televisions,National Brand,1,862.08,9.2,862.08,782.77,735.91,46.86,In-store,Digital Wallet,Ramadan,35-44,Female,No,4
TXN-00469,2026-03-06 21:26:19,2026-03-06,2026-03,Friday,No,Dubai,LuLu JLT,Express,Fresh,Fruits & Vegetables,National Brand,4,6.49,0.0,25.96,25.96,19.95,6.01,Online,Card,No Promotion,35-44,Female,No,3
TXN-00470,2026-03-07 10:54:12,2026-03-07,2026-03,Saturday,Yes,Abu Dhabi,LuLu Mushrif,Hypermarket,Grocery,Household Cleaning,LuLu Private Label,2,9.5,4.2,19.0,18.2,16.03,2.17,In-store,Cash,Weekend Deal,35-44,Male,Yes,2
TXN-00471,2026-03-07 11:22:36,2026-03-07,2026-03,Saturday,Yes,Abu Dhabi,LuLu Khalifa City,Supermarket,Fresh,Bakery,National Brand,3,9.91,7.4,29.73,27.53,22.69,4.84,In-store,Card,Ramadan,18-24,Male,Yes,3
TXN-00472,2026-03-07 18:40:53,2026-03-07,2026-03,Saturday,Yes,Abu Dhabi,LuLu Khalifa City,Supermarket,Fresh,Bakery,National Brand,12,3.97,1.7,47.64,46.83,38.78,8.05,In-store,Cash,No Promotion,25-34,Male,No,3
TXN-00473,2026-03-07 18:52:35,2026-03-07,2026-03,Saturday,Yes,Umm Al Quwain,LuLu UAQ Central,Supermarket,Grocery,Rice & Grains,LuLu Private Label,4,60.36,7.8,241.44,222.61,197.71,24.9,In-store,Card,Weekend Deal,35-44,Male,No,5
TXN-00474,2026-03-07 21:03:34,2026-03-07,2026-03,Saturday,Yes,Abu Dhabi,LuLu Al Reem,Express,Fresh,Meat & Poultry,LuLu Private Label,6,46.56,6.5,279.36,261.2,210.22,50.98,In-store,Card,Ramadan,25-34,Female,Yes,4
TXN-00475,2026-03-07 21:57:50,2026-03-07,2026-03,Saturday,Yes,Dubai,LuLu JLT,Express,Fresh,Dairy & Eggs,LuLu Private Label,5,11.18,0.0,55.9,55.9,44.36,11.54,In-store,Card,No Promotion,25-34,Female,No,4
TXN-00476,2026-03-08 08:46:27,2026-03-08,2026-03,Sunday,Yes,Dubai,LuLu Al Qusais,Hypermarket,Electronics,Small Appliances,National Brand,1,124.88,9.5,124.88,113.02,98.07,14.95,Online,Card,Ramadan,45-54,Male,Yes,4
TXN-00477,2026-03-08 17:17:15,2026-03-08,2026-03,Sunday,Yes,Fujairah,LuLu Fujairah City,Hypermarket,Fresh,Meat & Poultry,LuLu Private Label,11,32.58,11.5,358.38,317.17,275.14,42.03,Click & Collect,Card,Ramadan,45-54,Female,Yes,4
TXN-00478,2026-03-08 19:51:25,2026-03-08,2026-03,Sunday,Yes,Abu Dhabi,LuLu Al Reem,Express,Fresh,Meat & Poultry,National Brand,3,22.81,12.5,68.43,59.88,52.33,7.55,In-store,Cash,Ramadan,25-34,Female,Yes,5
TXN-00479,2026-03-08 20:39:44,2026-03-08,2026-03,Sunday,Yes,Dubai,LuLu Al Qusais,Hypermarket,Fashion,Kids' Wear,National Brand,4,103.17,5.6,412.68,389.57,253.03,136.54,Online,Card,Weekend Deal,35-44,Male,No,4
TXN-00480,2026-03-08 21:04:13,2026-03-08,2026-03,Sunday,Yes,Dubai,LuLu Al Qusais,Hypermarket,Fresh,Fruits & Vegetables,National Brand,11,21.63,6.7,237.93,221.99,194.27,27.72,In-store,Cash,Ramadan,45-54,Male,No,5
TXN-00481,2026-03-09 12:45:47,2026-03-09,2026-03,Monday,No,Ras Al Khaimah,LuLu Al Hamra,Supermarket,Fresh,Meat & Poultry,LuLu Private Label,12,38.78,0.0,465.36,465.36,366.08,99.28,In-store,Digital Wallet,No Promotion,55+,Female,Yes,3
TXN-00482,2026-03-09 14:24:30,2026-03-09,2026-03,Monday,No,Sharjah,LuLu Muwaileh,Supermarket,Furniture,Office Chairs,LuLu Private Label,1,1440.78,11.3,1440.78,1277.97,952.46,325.51,In-store,Card,Ramadan,45-54,Male,No,5
TXN-00483,2026-03-09 17:01:15,2026-03-09,2026-03,Monday,No,Abu Dhabi,LuLu Al Reem,Express,Grocery,Household Cleaning,National Brand,5,32.39,1.0,161.95,160.33,129.68,30.65,In-store,Cash,No Promotion,45-54,Male,No,1
TXN-00484,2026-03-09 21:20:37,2026-03-09,2026-03,Monday,No,Sharjah,LuLu Al Nahda,Hypermarket,Electronics,Audio & Accessories,LuLu Private Label,1,764.02,9.7,764.02,689.91,624.01,65.9,In-store,Card,Ramadan,18-24,Female,No,5
TXN-00485,2026-03-10 18:56:05,2026-03-10,2026-03,Tuesday,No,Sharjah,LuLu Al Majaz,Express,Grocery,Snacks,LuLu Private Label,2,8.36,16.0,16.72,14.04,14.41,-0.37,Online,Card,Ramadan,18-24,Male,No,5
TXN-00486,2026-03-10 19:35:31,2026-03-10,2026-03,Tuesday,No,Sharjah,LuLu Al Majaz,Express,Fresh,Bakery,LuLu Private Label,6,17.74,1.5,106.44,104.84,81.4,23.44,In-store,Cash,No Promotion,25-34,Male,No,2
TXN-00487,2026-03-10 20:22:27,2026-03-10,2026-03,Tuesday,No,Ras Al Khaimah,LuLu Al Nakheel,Hypermarket,Grocery,Cooking Oil & Ghee,National Brand,6,22.69,17.9,136.14,111.77,109.54,2.23,Online,Card,Ramadan,35-44,Male,Yes,5
TXN-00488,2026-03-10 21:38:05,2026-03-10,2026-03,Tuesday,No,Ajman,LuLu Al Nuaimiya,Express,Grocery,Household Cleaning,National Brand,7,13.67,9.7,95.69,86.41,83.42,2.99,In-store,Cash,Ramadan,35-44,Female,No,4
TXN-00489,2026-03-10 23:26:14,2026-03-10,2026-03,Tuesday,No,Sharjah,LuLu Al Nahda,Hypermarket,Home Decor,Rugs & Carpets,National Brand,3,160.18,0.0,480.54,480.54,298.27,182.27,In-store,Digital Wallet,No Promotion,55+,Female,No,4
TXN-00490,2026-03-11 19:54:18,2026-03-11,2026-03,Wednesday,No,Fujairah,LuLu Fujairah City,Hypermarket,Grocery,Snacks,National Brand,5,17.23,13.2,86.15,74.78,71.92,2.86,In-store,Digital Wallet,Ramadan,45-54,Male,No,5
TXN-00491,2026-03-12 16:37:49,2026-03-12,2026-03,Thursday,No,Sharjah,LuLu Muwaileh,Supermarket,Grocery,Snacks,National Brand,2,4.09,17.3,8.18,6.76,6.71,0.05,Online,Digital Wallet,Ramadan,35-44,Male,No,4
TXN-00492,2026-03-12 19:36:19,2026-03-12,2026-03,Thursday,No,Sharjah,LuLu Al Nahda,Hypermarket,Grocery,Household Cleaning,LuLu Private Label,8,18.44,13.2,147.52,128.05,121.67,6.38,In-store,Cash,Ramadan,25-34,Female,Yes,4
TXN-00493,2026-03-12 20:01:34,2026-03-12,2026-03,Thursday,No,Dubai,LuLu Al Qusais,Hypermarket,Grocery,Rice & Grains,National Brand,8,76.23,9.5,609.84,551.91,499.66,52.25,In-store,Digital Wallet,Ramadan,25-34,Male,Yes,4
TXN-00494,2026-03-12 21:39:28,2026-03-12,2026-03,Thursday,No,Sharjah,LuLu Al Nahda,Hypermarket,Fresh,Seafood,LuLu Private Label,2,64.82,0.0,129.64,129.64,96.6,33.04,In-store,Digital Wallet,No Promotion,25-34,Male,Yes,3
TXN-00495,2026-03-12 21:54:26,2026-03-12,2026-03,Thursday,No,Sharjah,LuLu Al Majaz,Express,Furniture,Beds & Mattresses,National Brand,2,1835.48,16.8,3670.96,3054.24,2635.86,418.38,In-store,Digital Wallet,Ramadan,25-34,Male,Yes,4
TXN-00496,2026-03-12 22:49:19,2026-03-12,2026-03,Thursday,No,Sharjah,LuLu Al Majaz,Express,Fresh,Seafood,LuLu Private Label,6,67.22,5.5,403.32,381.14,303.15,77.99,In-store,Cash,Ramadan,25-34,Male,Yes,4
TXN-00497,2026-03-13 08:44:04,2026-03-13,2026-03,Friday,No,Sharjah,LuLu Muwaileh,Supermarket,Fresh,Dairy & Eggs,National Brand,4,16.39,10.1,65.56,58.94,50.83,8.11,In-store,Card,Ramadan,25-34,Male,No,1
TXN-00498,2026-03-13 19:46:58,2026-03-13,2026-03,Friday,No,Sharjah,LuLu Al Majaz,Express,Fresh,Bakery,National Brand,8,9.65,0.0,77.2,77.2,57.42,19.78,In-store,Card,No Promotion,35-44,Male,Yes,2
TXN-00499,2026-03-13 20:17:41,2026-03-13,2026-03,Friday,No,Dubai,LuLu Al Barsha,Hypermarket,Fresh,Fruits & Vegetables,LuLu Private Label,6,6.22,1.5,37.32,36.76,27.81,8.95,In-store,Card,No Promotion,25-34,Male,Yes,5
TXN-00500,2026-03-13 21:12:07,2026-03-13,2026-03,Friday,No,Abu Dhabi,LuLu Al Reem,Express,Grocery,Beverages,National Brand,6,12.38,11.3,74.28,65.89,63.22,2.67,In-store,Card,Ramadan,45-54,Female,Yes,3
TXN-00501,2026-03-14 18:23:34,2026-03-14,2026-03,Saturday,Yes,Dubai,LuLu JLT,Express,Grocery,Household Cleaning,LuLu Private Label,11,42.19,14.7,464.09,395.87,400.8,-4.93,Click & Collect,Card,Ramadan,35-44,Male,Yes,4
TXN-00502,2026-03-14 19:34:48,2026-03-14,2026-03,Saturday,Yes,Dubai,LuLu Al Barsha,Hypermarket,Home Decor,Rugs & Carpets,National Brand,2,110.66,6.5,221.32,206.93,151.3,55.63,In-store,Cash,Weekend Deal,35-44,Male,Yes,4
TXN-00503,2026-03-14 20:40:43,2026-03-14,2026-03,Saturday,Yes,Abu Dhabi,LuLu Khalifa City,Supermarket,Fresh,Seafood,LuLu Private Label,3,59.47,7.2,178.41,165.56,145.19,20.37,Click & Collect,Card,Ramadan,45-54,Female,No,4
TXN-00504,2026-03-15 16:51:46,2026-03-15,2026-03,Sunday,Yes,Sharjah,LuLu Al Majaz,Express,Grocery,Cooking Oil & Ghee,National Brand,6,13.25,11.4,79.5,70.44,69.47,0.97,In-store,Card,Weekend Deal,25-34,Male,Yes,4
TXN-00505,2026-03-15 21:40:51,2026-03-15,2026-03,Sunday,Yes,Ras Al Khaimah,LuLu Al Nakheel,Hypermarket,Grocery,Household Cleaning,LuLu Private Label,7,10.79,7.9,75.53,69.56,61.33,8.23,Click & Collect,Card,Weekend Deal,45-54,Male,No,4
TXN-00506,2026-03-16 11:30:41,2026-03-16,2026-03,Monday,No,Umm Al Quwain,LuLu UAQ Central,Supermarket,Electronics,Audio & Accessories,National Brand,1,321.12,7.5,321.12,297.04,268.65,28.39,Online,Card,Ramadan,25-34,Female,Yes,2
TXN-00507,2026-03-16 14:37:15,2026-03-16,2026-03,Monday,No,Abu Dhabi,LuLu Al Wahda,Hypermarket,Home Decor,Lighting,LuLu Private Label,4,357.3,0.0,1429.2,1429.2,864.22,564.98,In-store,Card,No Promotion,18-24,Female,Yes,4
TXN-00508,2026-03-16 16:09:49,2026-03-16,2026-03,Monday,No,Abu Dhabi,LuLu Al Wahda,Hypermarket,Grocery,Rice & Grains,National Brand,6,15.04,13.1,90.24,78.42,78.21,0.21,Online,Card,Ramadan,45-54,Female,Yes,3
TXN-00509,2026-03-16 20:05:42,2026-03-16,2026-03,Monday,No,Dubai,LuLu Al Qusais,Hypermarket,Fresh,Fruits & Vegetables,LuLu Private Label,6,10.56,6.6,63.36,59.18,49.29,9.89,In-store,Card,Ramadan,18-24,Male,No,3
TXN-00510,2026-03-16 21:26:34,2026-03-16,2026-03,Monday,No,Abu Dhabi,LuLu Khalifa City,Supermarket,Home Decor,Rugs & Carpets,National Brand,3,149.62,15.6,448.86,378.84,308.38,70.46,In-store,Card,Ramadan,25-34,Female,Yes,4
TXN-00511,2026-03-17 10:43:45,2026-03-17,2026-03,Tuesday,No,Ajman,LuLu Al Jurf,Hypermarket,Grocery,Household Cleaning,National Brand,8,12.18,19.8,97.44,78.15,79.12,-0.97,In-store,Digital Wallet,Ramadan,25-34,Female,No,5
TXN-00512,2026-03-17 11:36:14,2026-03-17,2026-03,Tuesday,No,Dubai,LuLu Silicon Oasis,Supermarket,Fresh,Dairy & Eggs,National Brand,8,11.39,10.5,91.12,81.55,73.9,7.65,Click & Collect,Digital Wallet,Ramadan,55+,Female,Yes,4
TXN-00513,2026-03-17 13:31:10,2026-03-17,2026-03,Tuesday,No,Abu Dhabi,LuLu Al Reem,Express,Grocery,Rice & Grains,National Brand,6,84.37,0.0,506.22,506.22,441.73,64.49,In-store,Digital Wallet,No Promotion,55+,Female,Yes,5
TXN-00514,2026-03-18 12:29:59,2026-03-18,2026-03,Wednesday,No,Sharjah,LuLu Al Majaz,Express,Grocery,Household Cleaning,LuLu Private Label,8,44.83,14.6,358.64,306.28,300.19,6.09,In-store,Card,Ramadan,25-34,Male,No,4
TXN-00515,2026-03-18 19:03:43,2026-03-18,2026-03,Wednesday,No,Abu Dhabi,LuLu Al Wahda,Hypermarket,Electronics,Laptops,National Brand,1,2362.14,6.4,2362.14,2210.96,1916.51,294.45,In-store,Card,Ramadan,18-24,Male,Yes,4
TXN-00516,2026-03-19 11:41:13,2026-03-19,2026-03,Thursday,No,Abu Dhabi,LuLu Khalifa City,Supermarket,Electronics,Laptops,National Brand,1,3145.97,0.0,3145.97,3145.97,2655.37,490.6,Click & Collect,Digital Wallet,No Promotion,25-34,Male,Yes,3
TXN-00517,2026-03-19 12:54:23,2026-03-19,2026-03,Thursday,No,Umm Al Quwain,LuLu UAQ Central,Supermarket,Grocery,Rice & Grains,National Brand,2,51.78,10.6,103.56,92.58,82.85,9.73,In-store,Cash,Ramadan,45-54,Female,No,5
TXN-00518,2026-03-19 15:49:50,2026-03-19,2026-03,Thursday,No,Dubai,LuLu Al Qusais,Hypermarket,Electronics,Small Appliances,National Brand,1,367.22,0.0,367.22,367.22,289.22,78.0,In-store,Card,No Promotion,35-44,Male,Yes,4
TXN-00519,2026-03-19 18:02:43,2026-03-19,2026-03,Thursday,No,Sharjah,LuLu Muwaileh,Supermarket,Fashion,Kids' Wear,LuLu Private Label,1,78.41,10.6,78.41,70.1,42.29,27.81,Online,Digital Wallet,Ramadan,25-34,Male,Yes,3
TXN-00520,2026-03-19 20:19:39,2026-03-19,2026-03,Thursday,No,Abu Dhabi,LuLu Al Wahda,Hypermarket,Grocery,Cooking Oil & Ghee,National Brand,7,48.66,14.2,340.62,292.25,297.79,-5.54,In-store,Card,Ramadan,25-34,Male,No,4
TXN-00521,2026-03-19 21:16:03,2026-03-19,2026-03,Thursday,No,Abu Dhabi,LuLu Mushrif,Hypermarket,Furniture,Dining Sets,National Brand,1,2464.16,19.6,2464.16,1981.18,1806.78,174.4,Online,Card,Ramadan,25-34,Male,No,5
TXN-00522,2026-03-19 22:08:08,2026-03-19,2026-03,Thursday,No,Abu Dhabi,LuLu Mushrif,Hypermarket,Grocery,Rice & Grains,National Brand,5,67.57,17.6,337.85,278.39,287.14,-8.75,In-store,Card,Ramadan,55+,Male,Yes,5
TXN-00523,2026-03-20 16:33:48,2026-03-20,2026-03,Friday,No,Dubai,LuLu Al Barsha,Hypermarket,Grocery,Rice & Grains,LuLu Private Label,10,28.23,2.4,282.3,275.52,242.65,32.87,Click & Collect,Card,No Promotion,35-44,Female,Yes,3
TXN-00524,2026-03-21 15:52:06,2026-03-21,2026-03,Saturday,Yes,Dubai,LuLu JLT,Express,Fresh,Dairy & Eggs,National Brand,2,7.4,6.2,14.8,13.88,11.11,2.77,In-store,Cash,Weekend Deal,25-34,Male,No,4
TXN-00525,2026-03-21 19:00:53,2026-03-21,2026-03,Saturday,Yes,Ras Al Khaimah,LuLu Al Hamra,Supermarket,Grocery,Beverages,LuLu Private Label,9,23.58,0.0,212.22,212.22,186.69,25.53,In-store,Card,No Promotion,25-34,Male,No,4
TXN-00526,2026-03-21 20:56:07,2026-03-21,2026-03,Saturday,Yes,Ras Al Khaimah,LuLu Al Nakheel,Hypermarket,Fresh,Bakery,National Brand,11,13.41,0.0,147.51,147.51,110.05,37.46,In-store,Card,No Promotion,25-34,Male,No,5
TXN-00527,2026-03-21 21:51:20,2026-03-21,2026-03,Saturday,Yes,Ajman,LuLu Al Jurf,Hypermarket,Grocery,Beverages,LuLu Private Label,6,7.96,0.0,47.76,47.76,39.17,8.59,In-store,Card,No Promotion,55+,Male,Yes,1
TXN-00528,2026-03-21 21:58:28,2026-03-21,2026-03,Saturday,Yes,Dubai,LuLu Al Qusais,Hypermarket,Home Decor,Bedding & Linen,LuLu Private Label,1,155.55,2.0,155.55,152.44,91.06,61.38,In-store,Digital Wallet,No Promotion,45-54,Female,Yes,2
TXN-00529,2026-03-22 12:02:06,2026-03-22,2026-03,Sunday,Yes,Dubai,LuLu JLT,Express,Fashion,Kids' Wear,National Brand,3,93.1,3.1,279.3,270.64,146.02,124.62,In-store,Card,No Promotion,25-34,Male,No,5
TXN-00530,2026-03-22 16:08:56,2026-03-22,2026-03,Sunday,Yes,Dubai,LuLu Silicon Oasis,Supermarket,Fashion,Accessories,National Brand,2,122.14,10.4,244.28,218.87,151.54,67.33,Online,Digital Wallet,Weekend Deal,25-34,Female,No,3
TXN-00531,2026-03-24 10:01:58,2026-03-24,2026-03,Tuesday,No,Abu Dhabi,LuLu Khalifa City,Supermarket,Grocery,Beverages,National Brand,6,24.17,2.0,145.02,142.12,122.79,19.33,In-store,Digital Wallet,No Promotion,35-44,Female,Yes,4
TXN-00532,2026-03-24 14:38:55,2026-03-24,2026-03,Tuesday,No,Abu Dhabi,LuLu Khalifa City,Supermarket,Fashion,Footwear,National Brand,3,83.12,0.0,249.36,249.36,137.05,112.31,In-store,Card,No Promotion,18-24,Male,No,3
TXN-00533,2026-03-25 10:36:16,2026-03-25,2026-03,Wednesday,No,Dubai,LuLu Al Qusais,Hypermarket,Grocery,Beverages,National Brand,8,19.74,0.0,157.92,157.92,133.16,24.76,In-store,Digital Wallet,No Promotion,25-34,Male,Yes,4
TXN-00534,2026-03-25 12:06:33,2026-03-25,2026-03,Wednesday,No,Abu Dhabi,LuLu Al Wahda,Hypermarket,Fashion,Kids' Wear,National Brand,2,130.78,3.8,261.56,251.62,155.31,96.31,In-store,Digital Wallet,No Promotion,35-44,Female,No,5
TXN-00535,2026-03-25 15:17:38,2026-03-25,2026-03,Wednesday,No,Dubai,LuLu Al Barsha,Hypermarket,Fashion,Footwear,National Brand,1,53.68,0.0,53.68,53.68,29.8,23.88,Click & Collect,Card,No Promotion,25-34,Male,Yes,3
TXN-00536,2026-03-25 17:25:32,2026-03-25,2026-03,Wednesday,No,Abu Dhabi,LuLu Al Reem,Express,Fresh,Fruits & Vegetables,National Brand,8,23.53,0.0,188.24,188.24,151.8,36.44,In-store,Card,No Promotion,35-44,Male,No,5
TXN-00537,2026-03-25 17:47:03,2026-03-25,2026-03,Wednesday,No,Dubai,LuLu JLT,Express,Fresh,Seafood,National Brand,9,33.03,1.2,297.27,293.7,229.18,64.52,In-store,Cash,No Promotion,25-34,Female,Yes,3
TXN-00538,2026-03-27 13:42:10,2026-03-27,2026-03,Friday,No,Dubai,LuLu JLT,Express,Grocery,Beverages,National Brand,5,24.14,1.1,120.7,119.37,103.63,15.74,In-store,Card,No Promotion,25-34,Female,No,5
TXN-00539,2026-03-27 17:38:46,2026-03-27,2026-03,Friday,No,Abu Dhabi,LuLu Al Wahda,Hypermarket,Home Decor,Rugs & Carpets,National Brand,4,227.71,2.3,910.84,889.89,507.15,382.74,In-store,Cash,No Promotion,35-44,Female,No,5
TXN-00540,2026-03-27 20:04:34,2026-03-27,2026-03,Friday,No,Sharjah,LuLu Al Majaz,Express,Grocery,Household Cleaning,National Brand,7,22.56,0.0,157.92,157.92,134.18,23.74,In-store,Card,No Promotion,25-34,Male,Yes,3
TXN-00541,2026-03-27 22:00:45,2026-03-27,2026-03,Friday,No,Dubai,LuLu Al Qusais,Hypermarket,Fresh,Bakery,LuLu Private Label,2,5.2,1.3,10.4,10.26,8.31,1.95,In-store,Digital Wallet,No Promotion,25-34,Male,Yes,5
TXN-00542,2026-03-28 20:04:17,2026-03-28,2026-03,Saturday,Yes,Ajman,LuLu Al Jurf,Hypermarket,Furniture,Beds & Mattresses,National Brand,1,4266.41,0.0,4266.41,4266.41,2694.5,1571.91,In-store,Cash,No Promotion,35-44,Female,No,4
TXN-00543,2026-03-29 08:12:56,2026-03-29,2026-03,Sunday,Yes,Abu Dhabi,LuLu Al Wahda,Hypermarket,Fresh,Dairy & Eggs,National Brand,5,8.52,7.0,42.6,39.62,32.04,7.58,In-store,Cash,Weekend Deal,35-44,Male,No,3
TXN-00544,2026-03-29 14:38:49,2026-03-29,2026-03,Sunday,Yes,Fujairah,LuLu Fujairah City,Hypermarket,Fresh,Bakery,National Brand,5,14.12,0.0,70.6,70.6,52.25,18.35,In-store,Cash,No Promotion,18-24,Female,Yes,3
TXN-00545,2026-04-01 23:23:10,2026-04-01,2026-04,Wednesday,No,Ajman,LuLu Al Jurf,Hypermarket,Home Decor,Rugs & Carpets,National Brand,1,395.03,0.0,395.03,395.03,228.84,166.19,In-store,Card,No Promotion,35-44,Female,Yes,4
TXN-00546,2026-04-02 11:51:46,2026-04-02,2026-04,Thursday,No,Dubai,LuLu Al Qusais,Hypermarket,Fresh,Seafood,National Brand,7,30.79,1.1,215.53,213.16,175.51,37.65,In-store,Digital Wallet,No Promotion,25-34,Male,Yes,4
TXN-00547,2026-04-02 14:03:42,2026-04-02,2026-04,Thursday,No,Ras Al Khaimah,LuLu Al Hamra,Supermarket,Home Decor,Kitchenware,National Brand,1,136.14,1.0,136.14,134.78,88.79,45.99,Online,Card,No Promotion,25-34,Female,Yes,3
TXN-00548,2026-04-03 08:51:51,2026-04-03,2026-04,Friday,No,Dubai,LuLu Silicon Oasis,Supermarket,Grocery,Cooking Oil & Ghee,National Brand,2,54.2,3.4,108.4,104.71,89.93,14.78,In-store,Cash,No Promotion,25-34,Male,No,1
TXN-00549,2026-04-03 09:39:26,2026-04-03,2026-04,Friday,No,Ras Al Khaimah,LuLu Al Nakheel,Hypermarket,Furniture,Office Chairs,LuLu Private Label,1,292.72,0.0,292.72,292.72,190.23,102.49,Online,Digital Wallet,No Promotion,45-54,Male,Yes,4
TXN-00550,2026-04-03 11:40:09,2026-04-03,2026-04,Friday,No,Dubai,LuLu JLT,Express,Grocery,Rice & Grains,National Brand,8,65.16,0.0,521.28,521.28,418.71,102.57,In-store,Card,No Promotion,35-44,Male,Yes,2
TXN-00551,2026-04-03 16:09:07,2026-04-03,2026-04,Friday,No,Dubai,LuLu JLT,Express,Grocery,Cooking Oil & Ghee,National Brand,8,58.04,0.0,464.32,464.32,400.23,64.09,Online,Card,No Promotion,25-34,Female,No,4
TXN-00552,2026-04-03 16:19:31,2026-04-03,2026-04,Friday,No,Abu Dhabi,LuLu Mushrif,Hypermarket,Grocery,Snacks,National Brand,8,10.26,3.7,82.08,79.04,69.27,9.77,In-store,Card,No Promotion,35-44,Male,Yes,4
TXN-00553,2026-04-03 19:32:13,2026-04-03,2026-04,Friday,No,Abu Dhabi,LuLu Mushrif,Hypermarket,Fresh,Dairy & Eggs,LuLu Private Label,1,24.4,0.0,24.4,24.4,18.53,5.87,In-store,Cash,No Promotion,45-54,Female,Yes,1
TXN-00554,2026-04-03 20:48:56,2026-04-03,2026-04,Friday,No,Sharjah,LuLu Al Nahda,Hypermarket,Fresh,Meat & Poultry,National Brand,7,48.84,0.0,341.88,341.88,250.68,91.2,In-store,Buy Now Pay Later,No Promotion,45-54,Female,No,5
TXN-00555,2026-04-03 21:22:17,2026-04-03,2026-04,Friday,No,Dubai,LuLu Al Qusais,Hypermarket,Fresh,Fruits & Vegetables,LuLu Private Label,2,14.67,1.8,29.34,28.81,22.1,6.71,In-store,Digital Wallet,No Promotion,35-44,Female,Yes,4
TXN-00556,2026-04-04 12:47:30,2026-04-04,2026-04,Saturday,Yes,Abu Dhabi,LuLu Mushrif,Hypermarket,Electronics,Laptops,National Brand,1,4651.36,7.4,4651.36,4307.16,3879.16,428.0,In-store,Card,Weekend Deal,55+,Male,No,5
TXN-00557,2026-04-04 20:00:50,2026-04-04,2026-04,Saturday,Yes,Dubai,LuLu JLT,Express,Grocery,Rice & Grains,National Brand,6,26.3,0.0,157.8,157.8,138.27,19.53,In-store,Buy Now Pay Later,No Promotion,18-24,Female,Yes,4
TXN-00558,2026-04-04 20:40:14,2026-04-04,2026-04,Saturday,Yes,Sharjah,LuLu Al Nahda,Hypermarket,Grocery,Cooking Oil & Ghee,LuLu Private Label,11,19.54,9.7,214.94,194.09,177.28,16.81,In-store,Cash,Weekend Deal,55+,Female,Yes,3
TXN-00559,2026-04-05 21:30:57,2026-04-05,2026-04,Sunday,Yes,Dubai,LuLu Al Qusais,Hypermarket,Grocery,Household Cleaning,LuLu Private Label,8,20.13,0.0,161.04,161.04,136.33,24.71,In-store,Cash,No Promotion,25-34,Male,No,4
TXN-00560,2026-04-06 11:58:48,2026-04-06,2026-04,Monday,No,Abu Dhabi,LuLu Al Wahda,Hypermarket,Grocery,Beverages,LuLu Private Label,7,3.25,0.0,22.75,22.75,19.3,3.45,In-store,Digital Wallet,No Promotion,35-44,Female,No,5
TXN-00561,2026-04-06 23:09:31,2026-04-06,2026-04,Monday,No,Abu Dhabi,LuLu Al Wahda,Hypermarket,Fresh,Dairy & Eggs,LuLu Private Label,3,10.11,0.7,30.33,30.12,23.96,6.16,Online,Card,No Promotion,25-34,Male,Yes,5
TXN-00562,2026-04-07 15:44:31,2026-04-07,2026-04,Tuesday,No,Dubai,LuLu JLT,Express,Fresh,Fruits & Vegetables,National Brand,9,8.25,0.0,74.25,74.25,59.91,14.34,In-store,Digital Wallet,No Promotion,35-44,Female,No,5
TXN-00563,2026-04-07 19:01:35,2026-04-07,2026-04,Tuesday,No,Dubai,LuLu Al Barsha,Hypermarket,Fresh,Seafood,LuLu Private Label,9,25.78,0.0,232.02,232.02,182.85,49.17,In-store,Buy Now Pay Later,No Promotion,25-34,Male,Yes,4
TXN-00564,2026-04-07 19:56:13,2026-04-07,2026-04,Tuesday,No,Sharjah,LuLu Muwaileh,Supermarket,Fresh,Fruits & Vegetables,National Brand,12,4.56,0.0,54.72,54.72,41.61,13.11,In-store,Card,No Promotion,35-44,Female,No,5
TXN-00565,2026-04-08 20:20:56,2026-04-08,2026-04,Wednesday,No,Dubai,LuLu JLT,Express,Fresh,Seafood,National Brand,4,36.61,0.0,146.44,146.44,118.62,27.82,Online,Card,No Promotion,35-44,Female,Yes,5
TXN-00566,2026-04-09 13:19:31,2026-04-09,2026-04,Thursday,No,Fujairah,LuLu Fujairah City,Hypermarket,Fashion,Men's Wear,National Brand,3,83.76,0.0,251.28,251.28,163.28,88.0,Online,Card,No Promotion,35-44,Male,No,4
TXN-00567,2026-04-09 19:45:06,2026-04-09,2026-04,Thursday,No,Abu Dhabi,LuLu Al Wahda,Hypermarket,Fresh,Bakery,LuLu Private Label,11,5.38,0.0,59.18,59.18,45.92,13.26,In-store,Cash,No Promotion,25-34,Male,No,4
TXN-00568,2026-04-09 22:26:58,2026-04-09,2026-04,Thursday,No,Dubai,LuLu Silicon Oasis,Supermarket,Fresh,Fruits & Vegetables,LuLu Private Label,6,13.36,0.8,80.16,79.52,60.47,19.05,In-store,Card,No Promotion,35-44,Male,No,4
TXN-00569,2026-04-10 15:20:53,2026-04-10,2026-04,Friday,No,Abu Dhabi,LuLu Al Wahda,Hypermarket,Fresh,Dairy & Eggs,National Brand,7,4.43,0.0,31.01,31.01,23.96,7.05,In-store,Digital Wallet,No Promotion,45-54,Male,No,3
TXN-00570,2026-04-10 16:11:38,2026-04-10,2026-04,Friday,No,Abu Dhabi,LuLu Mushrif,Hypermarket,Fresh,Meat & Poultry,National Brand,10,40.23,0.0,402.3,402.3,302.11,100.19,In-store,Card,No Promotion,55+,Male,Yes,5
TXN-00571,2026-04-10 17:27:24,2026-04-10,2026-04,Friday,No,Ras Al Khaimah,LuLu Al Hamra,Supermarket,Electronics,Mobile Phones,National Brand,1,1911.35,0.5,1911.35,1901.79,1624.73,277.06,In-store,Buy Now Pay Later,No Promotion,45-54,Female,Yes,3
TXN-00572,2026-04-10 17:58:18,2026-04-10,2026-04,Friday,No,Dubai,LuLu Al Barsha,Hypermarket,Fresh,Seafood,National Brand,4,50.62,0.0,202.48,202.48,159.67,42.81,In-store,Cash,No Promotion,35-44,Female,No,3
TXN-00573,2026-04-10 18:30:30,2026-04-10,2026-04,Friday,No,Abu Dhabi,LuLu Khalifa City,Supermarket,Grocery,Household Cleaning,National Brand,8,34.03,0.0,272.24,272.24,221.71,50.53,In-store,Buy Now Pay Later,No Promotion,45-54,Male,No,4
TXN-00574,2026-04-11 19:31:39,2026-04-11,2026-04,Saturday,Yes,Ras Al Khaimah,LuLu Al Hamra,Supermarket,Grocery,Cooking Oil & Ghee,National Brand,11,21.92,6.1,241.12,226.41,193.8,32.61,Online,Card,Weekend Deal,35-44,Male,Yes,2
TXN-00575,2026-04-12 10:01:36,2026-04-12,2026-04,Sunday,Yes,Abu Dhabi,LuLu Mushrif,Hypermarket,Fashion,Men's Wear,LuLu Private Label,3,182.19,6.7,546.57,509.95,281.27,228.68,Click & Collect,Card,Weekend Deal,35-44,Female,Yes,4
TXN-00576,2026-04-13 11:21:41,2026-04-13,2026-04,Monday,No,Abu Dhabi,LuLu Al Wahda,Hypermarket,Furniture,Beds & Mattresses,LuLu Private Label,1,2330.08,0.0,2330.08,2330.08,1588.63,741.45,Click & Collect,Card,No Promotion,35-44,Male,No,3
TXN-00577,2026-04-13 17:34:37,2026-04-13,2026-04,Monday,No,Abu Dhabi,LuLu Al Wahda,Hypermarket,Electronics,Small Appliances,National Brand,2,143.97,0.0,287.94,287.94,232.92,55.02,In-store,Card,No Promotion,45-54,Male,Yes,1
TXN-00578,2026-04-13 19:46:56,2026-04-13,2026-04,Monday,No,Abu Dhabi,LuLu Al Wahda,Hypermarket,Home Decor,Lighting,National Brand,4,79.87,0.0,319.48,319.48,219.83,99.65,In-store,Card,No Promotion,45-54,Female,No,3
TXN-00579,2026-04-13 20:31:26,2026-04-13,2026-04,Monday,No,Abu Dhabi,LuLu Mushrif,Hypermarket,Fresh,Seafood,National Brand,7,34.06,0.0,238.42,238.42,178.31,60.11,In-store,Buy Now Pay Later,No Promotion,25-34,Female,Yes,3
TXN-00580,2026-04-15 13:57:00,2026-04-15,2026-04,Wednesday,No,Sharjah,LuLu Muwaileh,Supermarket,Grocery,Rice & Grains,National Brand,1,35.65,0.0,35.65,35.65,31.08,4.57,In-store,Card,No Promotion,45-54,Female,Yes,4
TXN-00581,2026-04-15 20:43:50,2026-04-15,2026-04,Wednesday,No,Dubai,LuLu Silicon Oasis,Supermarket,Grocery,Snacks,National Brand,7,10.74,2.0,75.18,73.68,60.59,13.09,In-store,Digital Wallet,No Promotion,35-44,Female,Yes,5
TXN-00582,2026-04-15 21:41:33,2026-04-15,2026-04,Wednesday,No,Abu Dhabi,LuLu Mushrif,Hypermarket,Grocery,Rice & Grains,LuLu Private Label,7,24.67,0.0,172.69,172.69,138.93,33.76,In-store,Digital Wallet,No Promotion,18-24,Male,No,5
TXN-00583,2026-04-16 12:11:15,2026-04-16,2026-04,Thursday,No,Dubai,LuLu JLT,Express,Fresh,Bakery,LuLu Private Label,1,17.37,1.4,17.37,17.13,13.92,3.21,In-store,Card,No Promotion,35-44,Male,No,2
TXN-00584,2026-04-16 16:48:08,2026-04-16,2026-04,Thursday,No,Dubai,LuLu Al Qusais,Hypermarket,Home Decor,Lighting,National Brand,4,127.92,3.2,511.68,495.31,341.72,153.59,Online,Digital Wallet,No Promotion,18-24,Female,Yes,4
TXN-00585,2026-04-16 19:53:43,2026-04-16,2026-04,Thursday,No,Sharjah,LuLu Al Nahda,Hypermarket,Fashion,Kids' Wear,National Brand,1,143.36,2.0,143.36,140.49,80.49,60.0,In-store,Card,No Promotion,18-24,Male,No,3
TXN-00586,2026-04-16 20:43:34,2026-04-16,2026-04,Thursday,No,Abu Dhabi,LuLu Mushrif,Hypermarket,Fresh,Bakery,LuLu Private Label,6,4.6,0.0,27.6,27.6,22.11,5.49,In-store,Cash,No Promotion,25-34,Male,Yes,4
TXN-00587,2026-04-16 21:31:03,2026-04-16,2026-04,Thursday,No,Sharjah,LuLu Al Nahda,Hypermarket,Home Decor,Rugs & Carpets,National Brand,3,344.18,0.0,1032.54,1032.54,656.89,375.65,In-store,Digital Wallet,No Promotion,35-44,Male,Yes,4
TXN-00588,2026-04-17 18:17:18,2026-04-17,2026-04,Friday,No,Dubai,LuLu Silicon Oasis,Supermarket,Fashion,Kids' Wear,National Brand,2,102.85,1.5,205.7,202.61,106.15,96.46,In-store,Cash,No Promotion,55+,Male,No,4
TXN-00589,2026-04-17 18:35:27,2026-04-17,2026-04,Friday,No,Umm Al Quwain,LuLu UAQ Central,Supermarket,Electronics,Small Appliances,National Brand,2,165.89,0.6,331.78,329.79,273.41,56.38,In-store,Buy Now Pay Later,No Promotion,55+,Male,No,3
TXN-00590,2026-04-17 18:44:25,2026-04-17,2026-04,Friday,No,Sharjah,LuLu Al Majaz,Express,Fresh,Bakery,LuLu Private Label,8,11.89,0.0,95.12,95.12,71.14,23.98,Online,Card,No Promotion,55+,Female,No,3
TXN-00591,2026-04-17 21:45:19,2026-04-17,2026-04,Friday,No,Abu Dhabi,LuLu Al Reem,Express,Fresh,Seafood,LuLu Private Label,4,53.19,0.0,212.76,212.76,160.92,51.84,In-store,Card,No Promotion,35-44,Male,No,4
TXN-00592,2026-04-18 14:02:08,2026-04-18,2026-04,Saturday,Yes,Abu Dhabi,LuLu Mushrif,Hypermarket,Grocery,Cooking Oil & Ghee,National Brand,6,54.85,7.5,329.1,304.42,285.31,19.11,In-store,Card,Weekend Deal,18-24,Female,Yes,5
TXN-00593,2026-04-18 14:38:34,2026-04-18,2026-04,Saturday,Yes,Sharjah,LuLu Al Nahda,Hypermarket,Grocery,Cooking Oil & Ghee,National Brand,2,43.36,6.7,86.72,80.91,75.64,5.27,Online,Card,Weekend Deal,35-44,Male,Yes,4
TXN-00594,2026-04-18 22:45:48,2026-04-18,2026-04,Saturday,Yes,Dubai,LuLu Al Qusais,Hypermarket,Electronics,Small Appliances,National Brand,1,198.91,2.0,198.91,194.93,166.23,28.7,In-store,Buy Now Pay Later,No Promotion,25-34,Male,No,3
TXN-00595,2026-04-19 09:14:02,2026-04-19,2026-04,Sunday,Yes,Sharjah,LuLu Al Nahda,Hypermarket,Grocery,Snacks,National Brand,6,7.42,7.5,44.52,41.18,35.7,5.48,In-store,Card,Weekend Deal,25-34,Male,No,4
TXN-00596,2026-04-19 18:14:38,2026-04-19,2026-04,Sunday,Yes,Ajman,LuLu Al Nuaimiya,Express,Grocery,Beverages,LuLu Private Label,7,15.51,3.8,108.57,104.44,92.98,11.46,In-store,Cash,No Promotion,25-34,Female,No,1
TXN-00597,2026-04-19 18:52:43,2026-04-19,2026-04,Sunday,Yes,Sharjah,LuLu Al Majaz,Express,Grocery,Beverages,National Brand,7,15.66,0.0,109.62,109.62,94.28,15.34,In-store,Buy Now Pay Later,No Promotion,18-24,Female,No,5
TXN-00598,2026-04-19 20:09:12,2026-04-19,2026-04,Sunday,Yes,Abu Dhabi,LuLu Khalifa City,Supermarket,Electronics,Laptops,National Brand,1,4565.82,0.8,4565.82,4529.29,3863.81,665.48,Click & Collect,Card,No Promotion,18-24,Female,Yes,4
TXN-00599,2026-04-19 20:10:21,2026-04-19,2026-04,Sunday,Yes,Fujairah,LuLu Fujairah City,Hypermarket,Grocery,Household Cleaning,LuLu Private Label,2,30.18,0.9,60.36,59.82,49.26,10.56,In-store,Card,No Promotion,35-44,Male,Yes,3
TXN-00600,2026-04-19 20:25:06,2026-04-19,2026-04,Sunday,Yes,Sharjah,LuLu Al Nahda,Hypermarket,Electronics,Mobile Phones,National Brand,2,1138.76,3.8,2277.52,2190.97,1918.03,272.94,In-store,Digital Wallet,Weekend Deal,45-54,Male,Yes,4
TXN-00601,2026-04-20 20:18:45,2026-04-20,2026-04,Monday,No,Sharjah,LuLu Al Nahda,Hypermarket,Fresh,Fruits & Vegetables,National Brand,2,13.84,0.0,27.68,27.68,21.52,6.16,In-store,Card,No Promotion,45-54,Female,Yes,4
TXN-00602,2026-04-21 16:49:42,2026-04-21,2026-04,Tuesday,No,Dubai,LuLu JLT,Express,Fresh,Meat & Poultry,National Brand,7,38.02,0.0,266.14,266.14,211.2,54.94,In-store,Card,No Promotion,25-34,Female,No,4
TXN-00603,2026-04-21 16:53:38,2026-04-21,2026-04,Tuesday,No,Abu Dhabi,LuLu Al Reem,Express,Fresh,Fruits & Vegetables,LuLu Private Label,11,21.3,0.0,234.3,234.3,182.69,51.61,In-store,Card,No Promotion,25-34,Female,No,2
TXN-00604,2026-04-21 19:02:52,2026-04-21,2026-04,Tuesday,No,Dubai,LuLu Al Barsha,Hypermarket,Fashion,Accessories,LuLu Private Label,1,123.66,1.4,123.66,121.93,71.19,50.74,Online,Card,No Promotion,25-34,Female,No,4
TXN-00605,2026-04-21 20:26:43,2026-04-21,2026-04,Tuesday,No,Dubai,LuLu Al Qusais,Hypermarket,Fresh,Seafood,National Brand,5,58.14,0.0,290.7,290.7,238.37,52.33,In-store,Digital Wallet,No Promotion,45-54,Female,No,5
TXN-00606,2026-04-22 16:20:06,2026-04-22,2026-04,Wednesday,No,Abu Dhabi,LuLu Khalifa City,Supermarket,Fresh,Fruits & Vegetables,LuLu Private Label,1,15.62,0.0,15.62,15.62,12.57,3.05,In-store,Digital Wallet,No Promotion,25-34,Male,Yes,5
TXN-00607,2026-04-22 17:21:23,2026-04-22,2026-04,Wednesday,No,Ras Al Khaimah,LuLu Al Hamra,Supermarket,Fashion,Footwear,National Brand,3,175.0,3.0,525.0,509.25,276.75,232.5,In-store,Card,No Promotion,25-34,Female,No,5
TXN-00608,2026-04-22 19:38:16,2026-04-22,2026-04,Wednesday,No,Ajman,LuLu Al Nuaimiya,Express,Grocery,Snacks,National Brand,5,17.5,3.6,87.5,84.35,74.1,10.25,In-store,Cash,No Promotion,18-24,Female,No,2
TXN-00609,2026-04-23 10:48:17,2026-04-23,2026-04,Thursday,No,Abu Dhabi,LuLu Al Wahda,Hypermarket,Grocery,Beverages,National Brand,9,9.17,0.0,82.53,82.53,72.5,10.03,In-store,Digital Wallet,No Promotion,35-44,Female,No,5
TXN-00610,2026-04-23 15:38:35,2026-04-23,2026-04,Thursday,No,Abu Dhabi,LuLu Mushrif,Hypermarket,Fresh,Dairy & Eggs,National Brand,10,6.25,0.0,62.5,62.5,45.85,16.65,In-store,Card,No Promotion,25-34,Female,No,4
TXN-00611,2026-04-24 13:58:40,2026-04-24,2026-04,Friday,No,Abu Dhabi,LuLu Al Reem,Express,Fashion,Men's Wear,LuLu Private Label,1,200.92,0.0,200.92,200.92,124.42,76.5,In-store,Digital Wallet,No Promotion,45-54,Female,Yes,4
TXN-00612,2026-04-25 16:03:14,2026-04-25,2026-04,Saturday,Yes,Abu Dhabi,LuLu Al Reem,Express,Grocery,Cooking Oil & Ghee,National Brand,7,34.27,0.0,239.89,239.89,197.49,42.4,In-store,Cash,No Promotion,18-24,Female,No,4
TXN-00613,2026-04-25 16:31:08,2026-04-25,2026-04,Saturday,Yes,Dubai,LuLu Silicon Oasis,Supermarket,Fresh,Seafood,National Brand,7,55.0,0.8,385.0,381.92,310.54,71.38,Online,Digital Wallet,No Promotion,55+,Female,Yes,4
TXN-00614,2026-04-25 23:21:33,2026-04-25,2026-04,Saturday,Yes,Abu Dhabi,LuLu Al Reem,Express,Fresh,Dairy & Eggs,National Brand,5,23.28,1.2,116.4,115.0,86.01,28.99,Online,Card,No Promotion,25-34,Female,No,4
TXN-00615,2026-04-26 17:46:09,2026-04-26,2026-04,Sunday,Yes,Sharjah,LuLu Muwaileh,Supermarket,Electronics,Mobile Phones,National Brand,1,4006.62,4.8,4006.62,3814.3,3224.4,589.9,In-store,Cash,Weekend Deal,35-44,Female,No,1
TXN-00616,2026-04-27 15:29:52,2026-04-27,2026-04,Monday,No,Dubai,LuLu Al Qusais,Hypermarket,Fresh,Bakery,National Brand,1,12.42,0.0,12.42,12.42,9.2,3.22,Click & Collect,Card,No Promotion,45-54,Female,No,4
TXN-00617,2026-04-27 18:38:04,2026-04-27,2026-04,Monday,No,Abu Dhabi,LuLu Mushrif,Hypermarket,Fresh,Meat & Poultry,National Brand,6,58.94,0.0,353.64,353.64,281.45,72.19,In-store,Cash,No Promotion,35-44,Female,No,5
TXN-00618,2026-04-27 21:54:44,2026-04-27,2026-04,Monday,No,Fujairah,LuLu Fujairah City,Hypermarket,Grocery,Household Cleaning,National Brand,4,21.64,0.0,86.56,86.56,72.71,13.85,In-store,Card,No Promotion,25-34,Male,Yes,3
TXN-00619,2026-04-28 22:46:28,2026-04-28,2026-04,Tuesday,No,Dubai,LuLu Al Barsha,Hypermarket,Fashion,Footwear,National Brand,1,134.69,0.0,134.69,134.69,72.55,62.14,In-store,Cash,No Promotion,25-34,Female,Yes,4
TXN-00620,2026-04-29 10:49:52,2026-04-29,2026-04,Wednesday,No,Sharjah,LuLu Muwaileh,Supermarket,Electronics,Televisions,LuLu Private Label,2,1031.79,0.0,2063.58,2063.58,1755.92,307.66,In-store,Cash,No Promotion,25-34,Male,Yes,5
TXN-00621,2026-04-29 19:41:40,2026-04-29,2026-04,Wednesday,No,Sharjah,LuLu Al Majaz,Express,Grocery,Household Cleaning,LuLu Private Label,8,26.59,0.0,212.72,212.72,186.55,26.17,In-store,Card,No Promotion,25-34,Male,Yes,5
TXN-00622,2026-04-29 23:42:19,2026-04-29,2026-04,Wednesday,No,Fujairah,LuLu Fujairah City,Hypermarket,Fashion,Accessories,National Brand,1,50.31,0.0,50.31,50.31,31.54,18.77,In-store,Card,No Promotion,35-44,Male,No,5
TXN-00623,2026-04-30 13:56:43,2026-04-30,2026-04,Thursday,No,Dubai,LuLu Al Barsha,Hypermarket,Grocery,Rice & Grains,National Brand,9,48.62,2.5,437.58,426.64,381.51,45.13,Online,Digital Wallet,No Promotion,25-34,Male,Yes,5
TXN-00624,2026-04-30 18:25:47,2026-04-30,2026-04,Thursday,No,Abu Dhabi,LuLu Al Wahda,Hypermarket,Furniture,Office Chairs,National Brand,2,425.82,1.2,851.64,841.42,546.95,294.47,In-store,Card,No Promotion,35-44,Male,Yes,1
TXN-00625,2026-04-30 19:14:59,2026-04-30,2026-04,Thursday,No,Ajman,LuLu Al Jurf,Hypermarket,Grocery,Cooking Oil & Ghee,National Brand,5,42.35,0.0,211.75,211.75,170.5,41.25,In-store,Digital Wallet,No Promotion,18-24,Female,Yes,4
TXN-00626,2026-05-01 13:57:39,2026-05-01,2026-05,Friday,No,Abu Dhabi,LuLu Al Wahda,Hypermarket,Fashion,Kids' Wear,National Brand,4,34.56,0.0,138.24,138.24,84.78,53.46,Click & Collect,Card,No Promotion,35-44,Male,Yes,4
TXN-00627,2026-05-02 14:39:09,2026-05-02,2026-05,Saturday,Yes,Sharjah,LuLu Al Majaz,Express,Fresh,Bakery,LuLu Private Label,10,7.34,0.0,73.4,73.4,54.97,18.43,In-store,Card,No Promotion,35-44,Male,No,3
TXN-00628,2026-05-03 09:24:49,2026-05-03,2026-05,Sunday,Yes,Abu Dhabi,LuLu Khalifa City,Supermarket,Fresh,Fruits & Vegetables,LuLu Private Label,6,18.23,2.6,109.38,106.54,85.85,20.69,In-store,Cash,Weekend Deal,45-54,Male,Yes,5
TXN-00629,2026-05-03 09:56:23,2026-05-03,2026-05,Sunday,Yes,Ajman,LuLu Al Jurf,Hypermarket,Fashion,Women's Wear,National Brand,4,115.16,11.7,460.64,406.75,233.87,172.88,In-store,Digital Wallet,Weekend Deal,55+,Female,Yes,5
TXN-00630,2026-05-03 16:07:07,2026-05-03,2026-05,Sunday,Yes,Abu Dhabi,LuLu Al Reem,Express,Electronics,Audio & Accessories,National Brand,1,126.95,1.1,126.95,125.55,100.94,24.61,In-store,Cash,No Promotion,55+,Female,Yes,4
TXN-00631,2026-05-03 19:46:51,2026-05-03,2026-05,Sunday,Yes,Abu Dhabi,LuLu Mushrif,Hypermarket,Grocery,Cooking Oil & Ghee,LuLu Private Label,3,49.68,0.0,149.04,149.04,123.53,25.51,In-store,Cash,No Promotion,25-34,Female,No,4
TXN-00632,2026-05-04 12:57:46,2026-05-04,2026-05,Monday,No,Dubai,LuLu Al Qusais,Hypermarket,Fashion,Kids' Wear,National Brand,1,90.79,3.9,90.79,87.25,53.23,34.02,Online,Card,No Promotion,25-34,Male,Yes,4
TXN-00633,2026-05-04 20:38:48,2026-05-04,2026-05,Monday,No,Ras Al Khaimah,LuLu Al Hamra,Supermarket,Fresh,Bakery,National Brand,1,12.82,0.0,12.82,12.82,10.45,2.37,In-store,Digital Wallet,No Promotion,18-24,Male,Yes,3
TXN-00634,2026-05-04 21:45:58,2026-05-04,2026-05,Monday,No,Dubai,LuLu Silicon Oasis,Supermarket,Fashion,Men's Wear,National Brand,4,225.75,0.0,903.0,903.0,554.34,348.66,In-store,Card,No Promotion,25-34,Male,No,3
TXN-00635,2026-05-05 19:02:32,2026-05-05,2026-05,Tuesday,No,Ajman,LuLu Al Nuaimiya,Express,Fresh,Meat & Poultry,National Brand,2,22.93,0.0,45.86,45.86,36.65,9.21,In-store,Card,No Promotion,25-34,Female,Yes,4
TXN-00636,2026-05-05 19:03:21,2026-05-05,2026-05,Tuesday,No,Fujairah,LuLu Fujairah City,Hypermarket,Fashion,Kids' Wear,National Brand,1,146.98,0.0,146.98,146.98,94.78,52.2,In-store,Card,No Promotion,35-44,Female,Yes,4
TXN-00637,2026-05-05 20:31:45,2026-05-05,2026-05,Tuesday,No,Abu Dhabi,LuLu Al Wahda,Hypermarket,Fresh,Meat & Poultry,National Brand,10,39.18,2.3,391.8,382.79,308.95,73.84,In-store,Digital Wallet,No Promotion,45-54,Female,Yes,5
TXN-00638,2026-05-05 21:43:11,2026-05-05,2026-05,Tuesday,No,Sharjah,LuLu Al Majaz,Express,Grocery,Rice & Grains,National Brand,9,23.09,1.9,207.81,203.86,166.89,36.97,In-store,Cash,No Promotion,35-44,Female,Yes,3
TXN-00639,2026-05-06 08:46:23,2026-05-06,2026-05,Wednesday,No,Sharjah,LuLu Muwaileh,Supermarket,Grocery,Cooking Oil & Ghee,LuLu Private Label,4,22.79,1.3,91.16,89.97,78.53,11.44,Click & Collect,Card,No Promotion,25-34,Male,Yes,2
TXN-00640,2026-05-06 15:54:21,2026-05-06,2026-05,Wednesday,No,Dubai,LuLu Al Qusais,Hypermarket,Grocery,Beverages,National Brand,5,14.78,0.0,73.9,73.9,64.42,9.48,In-store,Card,No Promotion,35-44,Female,Yes,5
TXN-00641,2026-05-06 16:09:55,2026-05-06,2026-05,Wednesday,No,Abu Dhabi,LuLu Mushrif,Hypermarket,Fresh,Seafood,National Brand,9,34.18,0.9,307.62,304.85,227.98,76.87,In-store,Cash,No Promotion,25-34,Male,No,4
TXN-00642,2026-05-07 16:36:54,2026-05-07,2026-05,Thursday,No,Ajman,LuLu Al Nuaimiya,Express,Fresh,Bakery,National Brand,1,6.29,0.0,6.29,6.29,4.73,1.56,Online,Card,No Promotion,35-44,Female,Yes,2
TXN-00643,2026-05-07 17:41:54,2026-05-07,2026-05,Thursday,No,Dubai,LuLu Al Qusais,Hypermarket,Grocery,Rice & Grains,National Brand,1,23.18,0.0,23.18,23.18,18.7,4.48,In-store,Card,No Promotion,35-44,Male,No,4
TXN-00644,2026-05-08 12:56:29,2026-05-08,2026-05,Friday,No,Abu Dhabi,LuLu Khalifa City,Supermarket,Furniture,Beds & Mattresses,National Brand,2,4440.43,4.6,8880.86,8472.34,5516.49,2955.85,In-store,Buy Now Pay Later,No Promotion,45-54,Female,Yes,5
TXN-00645,2026-05-09 19:31:46,2026-05-09,2026-05,Saturday,Yes,Abu Dhabi,LuLu Mushrif,Hypermarket,Grocery,Cooking Oil & Ghee,National Brand,2,24.99,0.0,49.98,49.98,42.72,7.26,In-store,Cash,No Promotion,18-24,Male,Yes,5
TXN-00646,2026-05-10 18:12:10,2026-05-10,2026-05,Sunday,Yes,Sharjah,LuLu Al Majaz,Express,Grocery,Snacks,National Brand,3,11.4,3.3,34.2,33.07,29.05,4.02,Click & Collect,Card,No Promotion,45-54,Female,No,5
TXN-00647,2026-05-10 20:35:15,2026-05-10,2026-05,Sunday,Yes,Abu Dhabi,LuLu Khalifa City,Supermarket,Fresh,Seafood,National Brand,6,57.04,0.0,342.24,342.24,251.31,90.93,In-store,Card,No Promotion,18-24,Female,Yes,4
TXN-00648,2026-05-10 23:14:57,2026-05-10,2026-05,Sunday,Yes,Dubai,LuLu JLT,Express,Grocery,Beverages,LuLu Private Label,3,12.16,0.0,36.48,36.48,29.93,6.55,Click & Collect,Card,No Promotion,18-24,Male,Yes,5
TXN-00649,2026-05-11 12:36:02,2026-05-11,2026-05,Monday,No,Abu Dhabi,LuLu Al Reem,Express,Fresh,Dairy & Eggs,National Brand,2,28.12,2.0,56.24,55.12,44.11,11.01,In-store,Cash,No Promotion,25-34,Female,Yes,5
TXN-00650,2026-05-11 15:48:07,2026-05-11,2026-05,Monday,No,Sharjah,LuLu Muwaileh,Supermarket,Grocery,Rice & Grains,National Brand,1,77.03,0.0,77.03,77.03,63.85,13.18,In-store,Digital Wallet,No Promotion,45-54,Male,Yes,4
TXN-00651,2026-05-11 22:55:39,2026-05-11,2026-05,Monday,No,Dubai,LuLu Al Qusais,Hypermarket,Fresh,Bakery,National Brand,5,6.41,0.0,32.05,32.05,23.82,8.23,In-store,Digital Wallet,No Promotion,35-44,Male,Yes,5
TXN-00652,2026-05-12 10:00:58,2026-05-12,2026-05,Tuesday,No,Sharjah,LuLu Al Nahda,Hypermarket,Furniture,Office Chairs,National Brand,1,1166.45,3.0,1166.45,1131.46,816.39,315.07,In-store,Card,No Promotion,35-44,Female,No,5
TXN-00653,2026-05-12 13:59:49,2026-05-12,2026-05,Tuesday,No,Dubai,LuLu JLT,Express,Fresh,Dairy & Eggs,National Brand,11,18.76,2.4,206.36,201.41,153.38,48.03,In-store,Cash,No Promotion,25-34,Male,Yes,4
TXN-00654,2026-05-12 16:57:32,2026-05-12,2026-05,Tuesday,No,Ajman,LuLu Al Jurf,Hypermarket,Home Decor,Rugs & Carpets,National Brand,1,225.02,4.4,225.02,215.12,126.19,88.93,In-store,Card,No Promotion,18-24,Female,No,4
TXN-00655,2026-05-12 17:44:32,2026-05-12,2026-05,Tuesday,No,Sharjah,LuLu Al Nahda,Hypermarket,Fresh,Meat & Poultry,National Brand,4,23.49,0.0,93.96,93.96,73.23,20.73,In-store,Card,No Promotion,45-54,Female,No,2
TXN-00656,2026-05-12 19:39:19,2026-05-12,2026-05,Tuesday,No,Abu Dhabi,LuLu Khalifa City,Supermarket,Fresh,Meat & Poultry,National Brand,7,21.42,1.1,149.94,148.29,110.97,37.32,Online,Card,No Promotion,25-34,Male,No,5
TXN-00657,2026-05-12 22:45:02,2026-05-12,2026-05,Tuesday,No,Dubai,LuLu Silicon Oasis,Supermarket,Home Decor,Lighting,LuLu Private Label,4,222.45,0.0,889.8,889.8,577.27,312.53,In-store,Card,No Promotion,18-24,Male,Yes,4
TXN-00658,2026-05-13 14:38:00,2026-05-13,2026-05,Wednesday,No,Ajman,LuLu Al Jurf,Hypermarket,Home Decor,Rugs & Carpets,National Brand,2,340.08,0.0,680.16,680.16,446.08,234.08,In-store,Digital Wallet,No Promotion,55+,Female,Yes,2
TXN-00659,2026-05-14 11:26:43,2026-05-14,2026-05,Thursday,No,Dubai,LuLu Silicon Oasis,Supermarket,Furniture,Storage & Wardrobes,National Brand,1,425.12,0.7,425.12,422.14,313.89,108.25,In-store,Card,No Promotion,55+,Female,No,5
TXN-00660,2026-05-15 15:37:41,2026-05-15,2026-05,Friday,No,Ajman,LuLu Al Nuaimiya,Express,Grocery,Cooking Oil & Ghee,LuLu Private Label,7,16.08,3.8,112.56,108.28,91.52,16.76,Online,Card,No Promotion,35-44,Female,No,3
TXN-00661,2026-05-16 09:15:14,2026-05-16,2026-05,Saturday,Yes,Abu Dhabi,LuLu Al Wahda,Hypermarket,Grocery,Cooking Oil & Ghee,LuLu Private Label,3,49.8,0.0,149.4,149.4,123.93,25.47,In-store,Card,No Promotion,35-44,Female,Yes,5
TXN-00662,2026-05-16 13:51:21,2026-05-16,2026-05,Saturday,Yes,Umm Al Quwain,LuLu UAQ Central,Supermarket,Electronics,Mobile Phones,National Brand,2,3209.38,0.0,6418.76,6418.76,5384.92,1033.84,In-store,Card,No Promotion,35-44,Male,Yes,4
TXN-00663,2026-05-16 16:41:09,2026-05-16,2026-05,Saturday,Yes,Abu Dhabi,LuLu Al Wahda,Hypermarket,Fashion,Accessories,National Brand,2,147.38,0.0,294.76,294.76,150.56,144.2,Online,Card,No Promotion,25-34,Male,No,5
TXN-00664,2026-05-16 19:04:50,2026-05-16,2026-05,Saturday,Yes,Sharjah,LuLu Al Majaz,Express,Fresh,Seafood,National Brand,2,49.02,3.7,98.04,94.41,79.18,15.23,In-store,Digital Wallet,Weekend Deal,18-24,Female,No,2
TXN-00665,2026-05-16 19:11:05,2026-05-16,2026-05,Saturday,Yes,Dubai,LuLu Al Barsha,Hypermarket,Grocery,Household Cleaning,LuLu Private Label,9,21.15,0.0,190.35,190.35,158.13,32.22,In-store,Digital Wallet,No Promotion,25-34,Female,Yes,5
TXN-00666,2026-05-17 08:52:45,2026-05-17,2026-05,Sunday,Yes,Dubai,LuLu Al Qusais,Hypermarket,Fashion,Women's Wear,LuLu Private Label,4,158.83,9.5,635.32,574.96,334.39,240.57,Click & Collect,Card,Weekend Deal,55+,Male,No,5
TXN-00667,2026-05-17 10:22:29,2026-05-17,2026-05,Sunday,Yes,Dubai,LuLu JLT,Express,Grocery,Household Cleaning,LuLu Private Label,8,32.73,0.0,261.84,261.84,229.18,32.66,Click & Collect,Buy Now Pay Later,No Promotion,25-34,Female,Yes,3
TXN-00668,2026-05-18 21:55:51,2026-05-18,2026-05,Monday,No,Dubai,LuLu Al Barsha,Hypermarket,Furniture,Beds & Mattresses,National Brand,1,2552.25,0.0,2552.25,2552.25,1747.49,804.76,Click & Collect,Card,No Promotion,35-44,Female,Yes,3
TXN-00669,2026-05-19 16:25:36,2026-05-19,2026-05,Tuesday,No,Umm Al Quwain,LuLu UAQ Central,Supermarket,Fresh,Dairy & Eggs,National Brand,6,7.43,0.0,44.58,44.58,34.27,10.31,Click & Collect,Card,No Promotion,25-34,Male,No,5
TXN-00670,2026-05-19 17:28:52,2026-05-19,2026-05,Tuesday,No,Dubai,LuLu Al Barsha,Hypermarket,Fashion,Footwear,National Brand,2,339.82,0.0,679.64,679.64,354.08,325.56,In-store,Card,No Promotion,45-54,Female,No,3
TXN-00671,2026-05-19 20:55:19,2026-05-19,2026-05,Tuesday,No,Ras Al Khaimah,LuLu Al Hamra,Supermarket,Home Decor,Wall Art,National Brand,3,35.28,0.0,105.84,105.84,71.54,34.3,In-store,Digital Wallet,No Promotion,55+,Female,Yes,5
TXN-00672,2026-05-19 23:23:21,2026-05-19,2026-05,Tuesday,No,Abu Dhabi,LuLu Khalifa City,Supermarket,Grocery,Cooking Oil & Ghee,National Brand,6,47.35,0.0,284.1,284.1,234.6,49.5,In-store,Card,No Promotion,45-54,Female,No,5
TXN-00673,2026-05-20 17:09:45,2026-05-20,2026-05,Wednesday,No,Sharjah,LuLu Al Majaz,Express,Grocery,Beverages,LuLu Private Label,3,4.98,2.0,14.94,14.64,12.29,2.35,In-store,Digital Wallet,No Promotion,25-34,Male,Yes,4
TXN-00674,2026-05-21 15:51:23,2026-05-21,2026-05,Thursday,No,Abu Dhabi,LuLu Al Wahda,Hypermarket,Fresh,Fruits & Vegetables,LuLu Private Label,7,19.68,0.0,137.76,137.76,102.61,35.15,In-store,Digital Wallet,No Promotion,35-44,Female,Yes,4
TXN-00675,2026-05-21 19:51:35,2026-05-21,2026-05,Thursday,No,Dubai,LuLu JLT,Express,Fresh,Fruits & Vegetables,National Brand,7,16.42,0.0,114.94,114.94,84.65,30.29,In-store,Card,No Promotion,25-34,Male,No,2
TXN-00676,2026-05-22 10:47:52,2026-05-22,2026-05,Friday,No,Dubai,LuLu Silicon Oasis,Supermarket,Grocery,Household Cleaning,LuLu Private Label,5,13.83,1.1,69.15,68.39,59.16,9.23,In-store,Card,No Promotion,35-44,Male,Yes,3
TXN-00677,2026-05-22 19:40:34,2026-05-22,2026-05,Friday,No,Abu Dhabi,LuLu Al Reem,Express,Grocery,Snacks,LuLu Private Label,9,13.47,0.0,121.23,121.23,99.11,22.12,Online,Digital Wallet,No Promotion,35-44,Female,No,1
TXN-00678,2026-05-22 23:40:05,2026-05-22,2026-05,Friday,No,Dubai,LuLu JLT,Express,Fresh,Bakery,National Brand,3,9.96,0.0,29.88,29.88,24.42,5.46,In-store,Card,No Promotion,25-34,Female,Yes,3
TXN-00679,2026-05-23 09:15:17,2026-05-23,2026-05,Saturday,Yes,Abu Dhabi,LuLu Al Reem,Express,Home Decor,Wall Art,LuLu Private Label,4,36.4,4.3,145.6,139.34,100.97,38.37,Online,Card,No Promotion,35-44,Male,Yes,4
TXN-00680,2026-05-24 08:06:54,2026-05-24,2026-05,Sunday,Yes,Ras Al Khaimah,LuLu Al Nakheel,Hypermarket,Home Decor,Lighting,National Brand,1,286.66,4.1,286.66,274.91,184.3,90.61,In-store,Cash,No Promotion,35-44,Male,No,4
TXN-00681,2026-05-24 18:30:45,2026-05-24,2026-05,Sunday,Yes,Fujairah,LuLu Fujairah City,Hypermarket,Fashion,Women's Wear,National Brand,4,294.09,1.2,1176.36,1162.24,631.22,531.02,Online,Buy Now Pay Later,No Promotion,25-34,Male,Yes,3
TXN-00682,2026-05-24 18:38:21,2026-05-24,2026-05,Sunday,Yes,Abu Dhabi,LuLu Al Reem,Express,Grocery,Household Cleaning,National Brand,10,14.44,2.8,144.4,140.36,122.13,18.23,In-store,Card,No Promotion,35-44,Female,Yes,3
TXN-00683,2026-05-24 19:00:24,2026-05-24,2026-05,Sunday,Yes,Sharjah,LuLu Muwaileh,Supermarket,Grocery,Household Cleaning,National Brand,8,27.12,7.0,216.96,201.77,176.75,25.02,In-store,Digital Wallet,Weekend Deal,25-34,Male,No,4
TXN-00684,2026-05-24 19:50:10,2026-05-24,2026-05,Sunday,Yes,Sharjah,LuLu Al Nahda,Hypermarket,Fresh,Bakery,National Brand,3,4.88,0.0,14.64,14.64,10.61,4.03,In-store,Card,No Promotion,25-34,Male,No,5
TXN-00685,2026-05-25 20:20:16,2026-05-25,2026-05,Monday,No,Ajman,LuLu Al Jurf,Hypermarket,Fresh,Fruits & Vegetables,National Brand,2,14.21,0.0,28.42,28.42,22.99,5.43,Click & Collect,Card,No Promotion,25-34,Female,Yes,3
TXN-00686,2026-05-25 21:58:39,2026-05-25,2026-05,Monday,No,Dubai,LuLu Al Barsha,Hypermarket,Fresh,Meat & Poultry,National Brand,8,33.23,0.0,265.84,265.84,199.7,66.14,In-store,Cash,No Promotion,25-34,Female,Yes,3
TXN-00687,2026-05-26 16:46:18,2026-05-26,2026-05,Tuesday,No,Abu Dhabi,LuLu Al Wahda,Hypermarket,Fresh,Dairy & Eggs,National Brand,6,22.63,0.8,135.78,134.69,98.09,36.6,In-store,Digital Wallet,No Promotion,25-34,Female,Yes,4
TXN-00688,2026-05-28 14:38:25,2026-05-28,2026-05,Thursday,No,Abu Dhabi,LuLu Al Wahda,Hypermarket,Grocery,Cooking Oil & Ghee,National Brand,3,44.06,0.0,132.18,132.18,107.23,24.95,In-store,Digital Wallet,No Promotion,45-54,Male,No,4
TXN-00689,2026-05-28 15:16:24,2026-05-28,2026-05,Thursday,No,Dubai,LuLu Al Qusais,Hypermarket,Fashion,Kids' Wear,LuLu Private Label,3,92.88,0.0,278.64,278.64,155.52,123.12,In-store,Card,No Promotion,45-54,Male,No,4
TXN-00690,2026-05-29 18:08:25,2026-05-29,2026-05,Friday,No,Ras Al Khaimah,LuLu Al Hamra,Supermarket,Grocery,Cooking Oil & Ghee,LuLu Private Label,4,21.48,0.0,85.92,85.92,69.69,16.23,Online,Digital Wallet,No Promotion,45-54,Female,Yes,5
TXN-00691,2026-05-29 22:19:53,2026-05-29,2026-05,Friday,No,Sharjah,LuLu Muwaileh,Supermarket,Grocery,Beverages,LuLu Private Label,9,3.57,0.0,32.13,32.13,26.53,5.6,In-store,Card,No Promotion,35-44,Male,No,5
TXN-00692,2026-05-30 10:25:47,2026-05-30,2026-05,Saturday,Yes,Sharjah,LuLu Muwaileh,Supermarket,Electronics,Televisions,National Brand,1,4378.15,1.2,4378.15,4325.61,3650.66,674.95,Online,Buy Now Pay Later,No Promotion,45-54,Male,No,3
TXN-00693,2026-05-30 15:10:37,2026-05-30,2026-05,Saturday,Yes,Dubai,LuLu Silicon Oasis,Supermarket,Fashion,Men's Wear,LuLu Private Label,4,184.06,0.0,736.24,736.24,398.31,337.93,Click & Collect,Card,No Promotion,25-34,Female,Yes,2
TXN-00694,2026-05-30 16:26:41,2026-05-30,2026-05,Saturday,Yes,Dubai,LuLu Al Qusais,Hypermarket,Fresh,Meat & Poultry,National Brand,9,40.77,0.0,366.93,366.93,275.15,91.78,Click & Collect,Card,No Promotion,25-34,Female,Yes,5
TXN-00695,2026-05-30 18:36:07,2026-05-30,2026-05,Saturday,Yes,Abu Dhabi,LuLu Al Reem,Express,Fresh,Dairy & Eggs,LuLu Private Label,9,19.07,2.1,171.63,168.03,129.98,38.05,In-store,Cash,No Promotion,45-54,Female,Yes,2
TXN-00696,2026-05-31 10:50:47,2026-05-31,2026-05,Sunday,Yes,Ras Al Khaimah,LuLu Al Nakheel,Hypermarket,Fresh,Seafood,National Brand,5,53.97,0.0,269.85,269.85,202.1,67.75,Click & Collect,Card,No Promotion,25-34,Female,No,1
TXN-00697,2026-05-31 14:44:29,2026-05-31,2026-05,Sunday,Yes,Umm Al Quwain,LuLu UAQ Central,Supermarket,Furniture,Office Chairs,National Brand,1,830.08,0.0,830.08,830.08,590.99,239.09,In-store,Card,No Promotion,35-44,Male,No,3
TXN-00698,2026-05-31 15:38:58,2026-05-31,2026-05,Sunday,Yes,Dubai,LuLu Silicon Oasis,Supermarket,Home Decor,Wall Art,LuLu Private Label,1,221.7,14.6,221.7,189.33,137.51,51.82,In-store,Card,Weekend Deal,35-44,Male,No,5
TXN-00699,2026-05-31 21:01:46,2026-05-31,2026-05,Sunday,Yes,Abu Dhabi,LuLu Al Reem,Express,Grocery,Cooking Oil & Ghee,National Brand,4,42.95,6.6,171.8,160.46,140.07,20.39,In-store,Card,Weekend Deal,35-44,Male,No,2
TXN-00700,2026-06-01 21:15:38,2026-06-01,2026-06,Monday,No,Abu Dhabi,LuLu Al Wahda,Hypermarket,Electronics,Laptops,National Brand,2,2053.69,1.8,4107.38,4033.45,3416.28,617.17,Click & Collect,Card,No Promotion,25-34,Male,Yes,2
TXN-00701,2026-06-02 10:45:13,2026-06-02,2026-06,Tuesday,No,Dubai,LuLu Al Qusais,Hypermarket,Fashion,Footwear,National Brand,4,195.59,0.0,782.36,782.36,431.16,351.2,Online,Digital Wallet,No Promotion,45-54,Male,Yes,4
TXN-00702,2026-06-02 18:25:32,2026-06-02,2026-06,Tuesday,No,Umm Al Quwain,LuLu UAQ Central,Supermarket,Furniture,Dining Sets,LuLu Private Label,1,2767.16,3.1,2767.16,2681.38,1869.66,811.72,In-store,Digital Wallet,No Promotion,18-24,Female,No,4
TXN-00703,2026-06-03 12:09:31,2026-06-03,2026-06,Wednesday,No,Abu Dhabi,LuLu Khalifa City,Supermarket,Fashion,Footwear,National Brand,3,160.03,0.0,480.09,480.09,272.7,207.39,In-store,Digital Wallet,No Promotion,25-34,Female,Yes,5
TXN-00704,2026-06-04 18:22:28,2026-06-04,2026-06,Thursday,No,Abu Dhabi,LuLu Mushrif,Hypermarket,Fashion,Footwear,LuLu Private Label,4,123.13,0.0,492.52,492.52,267.95,224.57,In-store,Card,No Promotion,25-34,Male,Yes,5
TXN-00705,2026-06-04 23:16:23,2026-06-04,2026-06,Thursday,No,Dubai,LuLu Silicon Oasis,Supermarket,Home Decor,Lighting,National Brand,2,89.46,0.0,178.92,178.92,121.29,57.63,In-store,Digital Wallet,No Promotion,35-44,Female,No,5
TXN-00706,2026-06-05 20:32:58,2026-06-05,2026-06,Friday,No,Abu Dhabi,LuLu Khalifa City,Supermarket,Grocery,Cooking Oil & Ghee,LuLu Private Label,8,42.78,0.0,342.24,342.24,290.02,52.22,In-store,Card,No Promotion,35-44,Male,Yes,5
TXN-00707,2026-06-05 22:33:20,2026-06-05,2026-06,Friday,No,Dubai,LuLu Al Barsha,Hypermarket,Electronics,Laptops,LuLu Private Label,2,5902.81,0.0,11805.62,11805.62,9690.97,2114.65,Click & Collect,Card,No Promotion,45-54,Female,Yes,5
TXN-00708,2026-06-06 08:43:30,2026-06-06,2026-06,Saturday,Yes,Sharjah,LuLu Al Nahda,Hypermarket,Fashion,Accessories,National Brand,1,74.92,9.3,74.92,67.95,40.93,27.02,Online,Card,Weekend Deal,35-44,Female,Yes,3
TXN-00709,2026-06-07 17:01:09,2026-06-07,2026-06,Sunday,Yes,Abu Dhabi,LuLu Al Reem,Express,Grocery,Beverages,National Brand,10,13.8,9.5,138.0,124.89,110.89,14.0,In-store,Card,Weekend Deal,25-34,Male,No,5
TXN-00710,2026-06-08 17:01:01,2026-06-08,2026-06,Monday,No,Abu Dhabi,LuLu Khalifa City,Supermarket,Grocery,Snacks,National Brand,7,5.67,0.0,39.69,39.69,33.61,6.08,In-store,Card,No Promotion,35-44,Female,Yes,4
TXN-00711,2026-06-08 18:52:43,2026-06-08,2026-06,Monday,No,Sharjah,LuLu Al Majaz,Express,Fresh,Dairy & Eggs,LuLu Private Label,9,12.97,0.0,116.73,116.73,92.76,23.97,In-store,Card,No Promotion,35-44,Male,Yes,3
TXN-00712,2026-06-08 19:15:21,2026-06-08,2026-06,Monday,No,Abu Dhabi,LuLu Khalifa City,Supermarket,Furniture,Dining Sets,National Brand,1,1816.18,0.0,1816.18,1816.18,1128.9,687.28,In-store,Buy Now Pay Later,No Promotion,25-34,Female,Yes,5
TXN-00713,2026-06-09 18:18:38,2026-06-09,2026-06,Tuesday,No,Abu Dhabi,LuLu Al Reem,Express,Fresh,Dairy & Eggs,National Brand,8,11.78,0.0,94.24,94.24,73.62,20.62,In-store,Cash,No Promotion,25-34,Female,No,5
TXN-00714,2026-06-09 20:49:45,2026-06-09,2026-06,Tuesday,No,Sharjah,LuLu Muwaileh,Supermarket,Fresh,Dairy & Eggs,National Brand,3,27.58,2.2,82.74,80.92,65.05,15.87,In-store,Cash,No Promotion,25-34,Male,Yes,4
TXN-00715,2026-06-10 08:09:02,2026-06-10,2026-06,Wednesday,No,Abu Dhabi,LuLu Al Wahda,Hypermarket,Fresh,Seafood,LuLu Private Label,6,70.17,0.0,421.02,421.02,306.78,114.24,Online,Digital Wallet,No Promotion,35-44,Female,No,5
TXN-00716,2026-06-10 20:30:04,2026-06-10,2026-06,Wednesday,No,Dubai,LuLu JLT,Express,Fresh,Bakery,National Brand,4,6.88,0.0,27.52,27.52,22.18,5.34,In-store,Cash,No Promotion,45-54,Female,No,5
TXN-00717,2026-06-12 12:30:50,2026-06-12,2026-06,Friday,No,Ajman,LuLu Al Nuaimiya,Express,Grocery,Rice & Grains,LuLu Private Label,7,28.23,2.2,197.61,193.26,163.69,29.57,Online,Digital Wallet,No Promotion,18-24,Male,Yes,5
TXN-00718,2026-06-12 20:53:21,2026-06-12,2026-06,Friday,No,Dubai,LuLu Silicon Oasis,Supermarket,Grocery,Household Cleaning,National Brand,5,29.33,0.0,146.65,146.65,124.41,22.24,In-store,Cash,No Promotion,35-44,Male,No,4
TXN-00719,2026-06-12 23:06:34,2026-06-12,2026-06,Friday,No,Dubai,LuLu Al Qusais,Hypermarket,Home Decor,Rugs & Carpets,National Brand,1,402.14,0.1,402.14,401.74,226.58,175.16,Online,Card,No Promotion,45-54,Female,Yes,4
TXN-00720,2026-06-13 19:24:47,2026-06-13,2026-06,Saturday,Yes,Dubai,LuLu Al Qusais,Hypermarket,Fresh,Fruits & Vegetables,National Brand,8,20.12,0.0,160.96,160.96,127.59,33.37,In-store,Card,No Promotion,25-34,Male,Yes,3
TXN-00721,2026-06-14 20:43:25,2026-06-14,2026-06,Sunday,Yes,Dubai,LuLu JLT,Express,Fresh,Seafood,LuLu Private Label,8,55.33,0.0,442.64,442.64,344.05,98.59,In-store,Card,No Promotion,25-34,Male,No,4
TXN-00722,2026-06-15 11:31:35,2026-06-15,2026-06,Monday,No,Sharjah,LuLu Al Nahda,Hypermarket,Grocery,Rice & Grains,National Brand,10,66.2,2.7,662.0,644.13,567.46,76.67,Online,Digital Wallet,No Promotion,35-44,Male,Yes,1
TXN-00723,2026-06-15 19:05:07,2026-06-15,2026-06,Monday,No,Abu Dhabi,LuLu Al Reem,Express,Grocery,Beverages,National Brand,1,24.64,0.0,24.64,24.64,20.6,4.04,In-store,Card,No Promotion,18-24,Male,Yes,5
TXN-00724,2026-06-16 11:53:17,2026-06-16,2026-06,Tuesday,No,Dubai,LuLu Silicon Oasis,Supermarket,Fresh,Bakery,National Brand,10,16.92,0.0,169.2,169.2,124.28,44.92,In-store,Digital Wallet,No Promotion,35-44,Female,Yes,4
TXN-00725,2026-06-16 16:38:32,2026-06-16,2026-06,Tuesday,No,Sharjah,LuLu Al Majaz,Express,Grocery,Cooking Oil & Ghee,National Brand,2,12.28,0.0,24.56,24.56,21.04,3.52,In-store,Buy Now Pay Later,No Promotion,25-34,Male,No,4
TXN-00726,2026-06-16 18:12:10,2026-06-16,2026-06,Tuesday,No,Abu Dhabi,LuLu Mushrif,Hypermarket,Electronics,Televisions,National Brand,2,866.31,0.0,1732.62,1732.62,1363.44,369.18,Online,Digital Wallet,No Promotion,35-44,Male,Yes,5
TXN-00727,2026-06-17 11:12:50,2026-06-17,2026-06,Wednesday,No,Dubai,LuLu Silicon Oasis,Supermarket,Home Decor,Kitchenware,National Brand,1,100.02,0.0,100.02,100.02,61.54,38.48,In-store,Cash,No Promotion,45-54,Male,No,5
TXN-00728,2026-06-17 23:43:50,2026-06-17,2026-06,Wednesday,No,Abu Dhabi,LuLu Al Wahda,Hypermarket,Fresh,Bakery,National Brand,2,19.84,1.8,39.68,38.97,31.19,7.78,In-store,Card,No Promotion,25-34,Male,Yes,5
TXN-00729,2026-06-18 20:37:56,2026-06-18,2026-06,Thursday,No,Dubai,LuLu JLT,Express,Grocery,Rice & Grains,National Brand,7,43.62,1.2,305.34,301.68,267.34,34.34,Click & Collect,Card,No Promotion,18-24,Male,Yes,5
TXN-00730,2026-06-19 13:43:30,2026-06-19,2026-06,Friday,No,Dubai,LuLu Al Qusais,Hypermarket,Electronics,Small Appliances,National Brand,1,339.2,0.0,339.2,339.2,276.0,63.2,In-store,Digital Wallet,No Promotion,35-44,Female,Yes,1
TXN-00731,2026-06-19 17:49:58,2026-06-19,2026-06,Friday,No,Abu Dhabi,LuLu Khalifa City,Supermarket,Fresh,Bakery,National Brand,8,13.33,1.8,106.64,104.72,85.1,19.62,In-store,Card,No Promotion,35-44,Male,Yes,4
TXN-00732,2026-06-19 18:52:53,2026-06-19,2026-06,Friday,No,Dubai,LuLu Silicon Oasis,Supermarket,Fresh,Seafood,LuLu Private Label,9,27.88,0.0,250.92,250.92,201.33,49.59,In-store,Card,No Promotion,35-44,Male,No,4
TXN-00733,2026-06-20 10:02:07,2026-06-20,2026-06,Saturday,Yes,Abu Dhabi,LuLu Al Reem,Express,Grocery,Beverages,National Brand,4,21.93,6.6,87.72,81.93,74.13,7.8,Click & Collect,Card,Weekend Deal,25-34,Male,Yes,3
TXN-00734,2026-06-20 13:42:31,2026-06-20,2026-06,Saturday,Yes,Fujairah,LuLu Fujairah City,Hypermarket,Electronics,Mobile Phones,National Brand,2,1414.07,5.4,2828.14,2675.42,2428.57,246.85,In-store,Digital Wallet,Weekend Deal,18-24,Female,Yes,3
TXN-00735,2026-06-20 14:57:54,2026-06-20,2026-06,Saturday,Yes,Dubai,LuLu Al Qusais,Hypermarket,Grocery,Snacks,National Brand,9,18.53,11.1,166.77,148.26,143.48,4.78,In-store,Card,Weekend Deal,18-24,Male,No,5
TXN-00736,2026-06-20 20:20:54,2026-06-20,2026-06,Saturday,Yes,Abu Dhabi,LuLu Khalifa City,Supermarket,Grocery,Snacks,LuLu Private Label,1,16.5,4.7,16.5,15.72,14.18,1.54,In-store,Card,Weekend Deal,35-44,Female,Yes,4
TXN-00737,2026-06-21 12:04:13,2026-06-21,2026-06,Sunday,Yes,Abu Dhabi,LuLu Mushrif,Hypermarket,Fresh,Meat & Poultry,LuLu Private Label,2,47.61,5.3,95.22,90.17,70.63,19.54,In-store,Digital Wallet,Weekend Deal,25-34,Female,Yes,4
TXN-00738,2026-06-21 17:30:21,2026-06-21,2026-06,Sunday,Yes,Dubai,LuLu Silicon Oasis,Supermarket,Furniture,Office Chairs,National Brand,1,1364.92,6.1,1364.92,1281.66,1005.86,275.8,In-store,Digital Wallet,Weekend Deal,25-34,Male,No,2
TXN-00739,2026-06-22 11:04:01,2026-06-22,2026-06,Monday,No,Abu Dhabi,LuLu Al Wahda,Hypermarket,Home Decor,Rugs & Carpets,National Brand,2,568.65,0.0,1137.3,1137.3,715.24,422.06,Online,Card,No Promotion,18-24,Male,Yes,5
TXN-00740,2026-06-22 15:08:11,2026-06-22,2026-06,Monday,No,Abu Dhabi,LuLu Mushrif,Hypermarket,Fresh,Dairy & Eggs,LuLu Private Label,7,7.79,0.0,54.53,54.53,41.61,12.92,In-store,Card,No Promotion,25-34,Female,Yes,5
TXN-00741,2026-06-22 16:29:06,2026-06-22,2026-06,Monday,No,Dubai,LuLu Al Barsha,Hypermarket,Fresh,Fruits & Vegetables,National Brand,4,20.66,0.0,82.64,82.64,61.75,20.89,In-store,Cash,No Promotion,55+,Female,Yes,3
TXN-00742,2026-06-23 19:20:29,2026-06-23,2026-06,Tuesday,No,Abu Dhabi,LuLu Khalifa City,Supermarket,Grocery,Household Cleaning,National Brand,1,37.19,1.2,37.19,36.74,31.07,5.67,In-store,Buy Now Pay Later,No Promotion,35-44,Female,No,3
TXN-00743,2026-06-24 16:13:43,2026-06-24,2026-06,Wednesday,No,Dubai,LuLu Al Barsha,Hypermarket,Fresh,Meat & Poultry,National Brand,10,31.42,0.0,314.2,314.2,240.5,73.7,In-store,Cash,No Promotion,55+,Female,No,5
TXN-00744,2026-06-25 18:03:10,2026-06-25,2026-06,Thursday,No,Ajman,LuLu Al Jurf,Hypermarket,Electronics,Mobile Phones,National Brand,2,615.36,0.0,1230.72,1230.72,1048.11,182.61,Online,Card,No Promotion,55+,Male,No,3
TXN-00745,2026-06-25 18:18:21,2026-06-25,2026-06,Thursday,No,Abu Dhabi,LuLu Al Reem,Express,Fresh,Seafood,LuLu Private Label,10,69.25,0.0,692.5,692.5,567.05,125.45,Online,Card,No Promotion,35-44,Male,No,5
TXN-00746,2026-06-26 23:55:32,2026-06-26,2026-06,Friday,No,Abu Dhabi,LuLu Mushrif,Hypermarket,Electronics,Audio & Accessories,National Brand,2,72.76,0.0,145.52,145.52,113.6,31.92,In-store,Digital Wallet,No Promotion,25-34,Male,No,5
TXN-00747,2026-06-27 11:42:47,2026-06-27,2026-06,Saturday,Yes,Dubai,LuLu Al Qusais,Hypermarket,Grocery,Cooking Oil & Ghee,National Brand,4,18.34,0.0,73.36,73.36,58.73,14.63,In-store,Card,No Promotion,35-44,Male,Yes,3
TXN-00748,2026-06-28 11:41:34,2026-06-28,2026-06,Sunday,Yes,Sharjah,LuLu Al Majaz,Express,Fresh,Meat & Poultry,National Brand,7,37.47,5.1,262.29,248.91,197.55,51.36,In-store,Cash,Weekend Deal,18-24,Male,Yes,3
TXN-00749,2026-06-28 16:12:39,2026-06-28,2026-06,Sunday,Yes,Ras Al Khaimah,LuLu Al Nakheel,Hypermarket,Fashion,Footwear,National Brand,4,95.5,0.0,382.0,382.0,232.83,149.17,In-store,Card,No Promotion,25-34,Female,Yes,4
TXN-00750,2026-06-28 18:41:39,2026-06-28,2026-06,Sunday,Yes,Dubai,LuLu Al Qusais,Hypermarket,Fashion,Accessories,National Brand,3,47.29,0.0,141.87,141.87,74.4,67.47,Online,Card,No Promotion,55+,Male,Yes,4
TXN-00751,2026-06-29 22:29:17,2026-06-29,2026-06,Monday,No,Ras Al Khaimah,LuLu Al Hamra,Supermarket,Fashion,Footwear,LuLu Private Label,2,336.86,1.3,673.72,664.96,414.54,250.42,In-store,Cash,No Promotion,25-34,Male,No,3
TXN-00752,2026-06-30 08:23:18,2026-06-30,2026-06,Tuesday,No,Abu Dhabi,LuLu Al Reem,Express,Grocery,Household Cleaning,LuLu Private Label,7,43.02,0.0,301.14,301.14,249.38,51.76,Click & Collect,Card,No Promotion,25-34,Male,Yes,3
TXN-00753,2026-06-30 11:20:38,2026-06-30,2026-06,Tuesday,No,Dubai,LuLu JLT,Express,Grocery,Snacks,LuLu Private Label,5,11.62,0.0,58.1,58.1,47.81,10.29,In-store,Digital Wallet,No Promotion,18-24,Male,No,3
TXN-00754,2026-06-30 19:09:46,2026-06-30,2026-06,Tuesday,No,Dubai,LuLu Al Qusais,Hypermarket,Fresh,Seafood,National Brand,5,34.97,0.0,174.85,174.85,140.94,33.91,In-store,Card,No Promotion,18-24,Female,Yes,5
TXN-00755,2026-06-30 20:11:14,2026-06-30,2026-06,Tuesday,No,Sharjah,LuLu Al Majaz,Express,Fresh,Bakery,LuLu Private Label,4,19.98,0.0,79.92,79.92,64.3,15.62,In-store,Cash,No Promotion,55+,Female,Yes,3
TXN-00756,2026-07-01 17:59:20,2026-07-01,2026-07,Wednesday,No,Abu Dhabi,LuLu Al Wahda,Hypermarket,Grocery,Beverages,National Brand,7,17.22,0.0,120.54,120.54,99.45,21.09,In-store,Digital Wallet,No Promotion,35-44,Male,No,5
TXN-00757,2026-07-01 18:12:14,2026-07-01,2026-07,Wednesday,No,Abu Dhabi,LuLu Al Wahda,Hypermarket,Grocery,Beverages,National Brand,3,13.6,0.0,40.8,40.8,33.2,7.6,Online,Card,No Promotion,25-34,Female,Yes,5
TXN-00758,2026-07-02 16:58:20,2026-07-02,2026-07,Thursday,No,Abu Dhabi,LuLu Khalifa City,Supermarket,Fresh,Bakery,LuLu Private Label,2,3.67,0.7,7.34,7.29,5.94,1.35,In-store,Card,No Promotion,18-24,Male,Yes,4
TXN-00759,2026-07-03 19:08:29,2026-07-03,2026-07,Friday,No,Abu Dhabi,LuLu Al Reem,Express,Fresh,Bakery,National Brand,2,16.6,0.4,33.2,33.07,25.73,7.34,In-store,Card,No Promotion,25-34,Male,Yes,4
TXN-00760,2026-07-04 20:22:32,2026-07-04,2026-07,Saturday,Yes,Fujairah,LuLu Fujairah City,Hypermarket,Fashion,Men's Wear,National Brand,3,121.95,9.3,365.85,331.83,222.45,109.38,Online,Digital Wallet,Weekend Deal,45-54,Female,Yes,1
TXN-00761,2026-07-05 14:52:09,2026-07-05,2026-07,Sunday,Yes,Abu Dhabi,LuLu Al Wahda,Hypermarket,Home Decor,Kitchenware,National Brand,4,143.36,0.0,573.44,573.44,397.06,176.38,In-store,Buy Now Pay Later,No Promotion,35-44,Male,Yes,5
TXN-00762,2026-07-05 18:24:40,2026-07-05,2026-07,Sunday,Yes,Sharjah,LuLu Muwaileh,Supermarket,Grocery,Cooking Oil & Ghee,National Brand,6,41.12,0.0,246.72,246.72,215.71,31.01,In-store,Cash,No Promotion,55+,Male,Yes,3
TXN-00763,2026-07-05 18:32:32,2026-07-05,2026-07,Sunday,Yes,Sharjah,LuLu Al Majaz,Express,Fresh,Seafood,National Brand,12,53.6,5.4,643.2,608.47,488.51,119.96,In-store,Card,Weekend Deal,35-44,Male,Yes,4
TXN-00764,2026-07-05 19:01:18,2026-07-05,2026-07,Sunday,Yes,Sharjah,LuLu Al Nahda,Hypermarket,Electronics,Televisions,National Brand,1,3271.97,0.0,3271.97,3271.97,2761.75,510.22,In-store,Card,No Promotion,25-34,Male,No,3
TXN-00765,2026-07-05 20:41:42,2026-07-05,2026-07,Sunday,Yes,Dubai,LuLu Al Barsha,Hypermarket,Grocery,Household Cleaning,LuLu Private Label,10,38.23,1.1,382.3,378.09,320.77,57.32,In-store,Digital Wallet,No Promotion,45-54,Female,No,4
TXN-00766,2026-07-06 12:19:05,2026-07-06,2026-07,Monday,No,Dubai,LuLu Al Qusais,Hypermarket,Fresh,Fruits & Vegetables,National Brand,8,23.28,0.0,186.24,186.24,139.19,47.05,In-store,Cash,No Promotion,35-44,Male,No,4
TXN-00767,2026-07-06 21:48:31,2026-07-06,2026-07,Monday,No,Ras Al Khaimah,LuLu Al Hamra,Supermarket,Fresh,Meat & Poultry,LuLu Private Label,12,25.45,1.5,305.4,300.82,239.63,61.19,In-store,Card,No Promotion,35-44,Male,Yes,4
TXN-00768,2026-07-06 21:54:16,2026-07-06,2026-07,Monday,No,Ras Al Khaimah,LuLu Al Hamra,Supermarket,Grocery,Household Cleaning,LuLu Private Label,9,41.94,0.0,377.46,377.46,311.54,65.92,In-store,Buy Now Pay Later,No Promotion,45-54,Female,Yes,4
TXN-00769,2026-07-07 15:18:07,2026-07-07,2026-07,Tuesday,No,Abu Dhabi,LuLu Al Reem,Express,Grocery,Rice & Grains,National Brand,2,27.88,0.0,55.76,55.76,45.05,10.71,In-store,Card,No Promotion,35-44,Female,Yes,5
TXN-00770,2026-07-08 11:54:30,2026-07-08,2026-07,Wednesday,No,Abu Dhabi,LuLu Al Reem,Express,Grocery,Beverages,LuLu Private Label,2,19.97,0.0,39.94,39.94,32.25,7.69,In-store,Cash,No Promotion,18-24,Male,Yes,5
TXN-00771,2026-07-08 17:09:38,2026-07-08,2026-07,Wednesday,No,Abu Dhabi,LuLu Al Wahda,Hypermarket,Home Decor,Lighting,National Brand,4,295.39,1.7,1181.56,1161.47,677.16,484.31,Click & Collect,Card,No Promotion,35-44,Male,Yes,5
TXN-00772,2026-07-08 18:26:39,2026-07-08,2026-07,Wednesday,No,Abu Dhabi,LuLu Mushrif,Hypermarket,Grocery,Beverages,LuLu Private Label,8,20.16,0.0,161.28,161.28,129.92,31.36,In-store,Card,No Promotion,25-34,Male,No,3
TXN-00773,2026-07-08 19:20:50,2026-07-08,2026-07,Wednesday,No,Sharjah,LuLu Al Majaz,Express,Grocery,Cooking Oil & Ghee,National Brand,10,21.16,3.0,211.6,205.25,179.57,25.68,In-store,Digital Wallet,No Promotion,45-54,Female,No,3
TXN-00774,2026-07-08 19:29:14,2026-07-08,2026-07,Wednesday,No,Sharjah,LuLu Al Majaz,Express,Fresh,Meat & Poultry,LuLu Private Label,9,59.57,0.0,536.13,536.13,420.57,115.56,In-store,Buy Now Pay Later,No Promotion,25-34,Female,Yes,2
TXN-00775,2026-07-08 22:03:27,2026-07-08,2026-07,Wednesday,No,Sharjah,LuLu Muwaileh,Supermarket,Grocery,Beverages,LuLu Private Label,6,8.12,0.0,48.72,48.72,39.88,8.84,In-store,Card,No Promotion,25-34,Female,Yes,5
TXN-00776,2026-07-09 10:43:59,2026-07-09,2026-07,Thursday,No,Dubai,LuLu Al Barsha,Hypermarket,Grocery,Beverages,National Brand,4,3.78,0.0,15.12,15.12,13.05,2.07,In-store,Digital Wallet,No Promotion,18-24,Female,Yes,4
TXN-00777,2026-07-09 17:50:27,2026-07-09,2026-07,Thursday,No,Ajman,LuLu Al Nuaimiya,Express,Fresh,Meat & Poultry,National Brand,3,50.66,1.4,151.98,149.85,120.59,29.26,In-store,Cash,No Promotion,25-34,Male,Yes,5
TXN-00778,2026-07-09 19:07:17,2026-07-09,2026-07,Thursday,No,Ajman,LuLu Al Nuaimiya,Express,Fresh,Dairy & Eggs,National Brand,8,27.63,0.0,221.04,221.04,180.63,40.41,In-store,Cash,No Promotion,25-34,Female,Yes,3
TXN-00779,2026-07-09 22:07:15,2026-07-09,2026-07,Thursday,No,Fujairah,LuLu Fujairah City,Hypermarket,Grocery,Rice & Grains,LuLu Private Label,4,85.69,0.0,342.76,342.76,281.5,61.26,In-store,Digital Wallet,No Promotion,25-34,Female,Yes,4
TXN-00780,2026-07-10 08:30:12,2026-07-10,2026-07,Friday,No,Umm Al Quwain,LuLu UAQ Central,Supermarket,Grocery,Beverages,National Brand,2,18.45,2.6,36.9,35.94,29.85,6.09,In-store,Cash,No Promotion,25-34,Female,Yes,5
TXN-00781,2026-07-10 14:44:39,2026-07-10,2026-07,Friday,No,Dubai,LuLu JLT,Express,Fresh,Seafood,National Brand,6,29.88,0.5,179.28,178.38,134.0,44.38,In-store,Card,No Promotion,25-34,Female,No,4
TXN-00782,2026-07-10 15:19:04,2026-07-10,2026-07,Friday,No,Ajman,LuLu Al Nuaimiya,Express,Fresh,Bakery,National Brand,12,6.08,0.7,72.96,72.45,56.33,16.12,In-store,Digital Wallet,No Promotion,45-54,Female,Yes,4
TXN-00783,2026-07-10 20:11:02,2026-07-10,2026-07,Friday,No,Dubai,LuLu Silicon Oasis,Supermarket,Grocery,Beverages,LuLu Private Label,8,8.81,0.0,70.48,70.48,61.79,8.69,In-store,Digital Wallet,No Promotion,25-34,Female,No,4
TXN-00784,2026-07-11 10:44:04,2026-07-11,2026-07,Saturday,Yes,Sharjah,LuLu Al Majaz,Express,Electronics,Televisions,National Brand,1,1880.68,0.0,1880.68,1880.68,1591.48,289.2,In-store,Cash,No Promotion,25-34,Male,Yes,5
TXN-00785,2026-07-11 15:32:55,2026-07-11,2026-07,Saturday,Yes,Dubai,LuLu Silicon Oasis,Supermarket,Furniture,Beds & Mattresses,LuLu Private Label,1,3226.14,10.6,3226.14,2884.17,2087.33,796.84,Online,Buy Now Pay Later,Weekend Deal,45-54,Male,No,4
TXN-00786,2026-07-11 18:02:28,2026-07-11,2026-07,Saturday,Yes,Abu Dhabi,LuLu Al Reem,Express,Fresh,Meat & Poultry,National Brand,2,20.61,6.9,41.22,38.38,31.2,7.18,In-store,Cash,Weekend Deal,25-34,Male,Yes,5
TXN-00787,2026-07-11 18:33:17,2026-07-11,2026-07,Saturday,Yes,Sharjah,LuLu Al Majaz,Express,Fresh,Meat & Poultry,LuLu Private Label,4,42.17,1.2,168.68,166.66,134.03,32.63,In-store,Card,No Promotion,25-34,Male,Yes,5
TXN-00788,2026-07-11 20:21:33,2026-07-11,2026-07,Saturday,Yes,Dubai,LuLu JLT,Express,Grocery,Household Cleaning,National Brand,3,30.32,0.0,90.96,90.96,75.71,15.25,In-store,Card,No Promotion,25-34,Male,No,4
TXN-00789,2026-07-12 14:55:38,2026-07-12,2026-07,Sunday,Yes,Dubai,LuLu Al Barsha,Hypermarket,Fresh,Dairy & Eggs,LuLu Private Label,8,23.63,3.1,189.04,183.18,143.43,39.75,In-store,Card,Weekend Deal,45-54,Female,Yes,4
TXN-00790,2026-07-12 20:13:13,2026-07-12,2026-07,Sunday,Yes,Sharjah,LuLu Al Majaz,Express,Grocery,Household Cleaning,National Brand,9,21.31,7.8,191.79,176.83,163.37,13.46,In-store,Card,Weekend Deal,25-34,Female,No,5
TXN-00791,2026-07-12 23:19:19,2026-07-12,2026-07,Sunday,Yes,Ras Al Khaimah,LuLu Al Hamra,Supermarket,Fresh,Dairy & Eggs,LuLu Private Label,4,17.02,0.0,68.08,68.08,51.15,16.93,In-store,Buy Now Pay Later,No Promotion,55+,Male,Yes,5
TXN-00792,2026-07-13 14:40:57,2026-07-13,2026-07,Monday,No,Abu Dhabi,LuLu Al Wahda,Hypermarket,Grocery,Household Cleaning,LuLu Private Label,2,43.49,0.0,86.98,86.98,72.78,14.2,Online,Card,No Promotion,55+,Female,Yes,4
TXN-00793,2026-07-15 20:20:12,2026-07-15,2026-07,Wednesday,No,Abu Dhabi,LuLu Mushrif,Hypermarket,Furniture,Dining Sets,LuLu Private Label,2,2194.32,4.8,4388.64,4177.99,2903.27,1274.72,Online,Card,No Promotion,25-34,Male,Yes,3
TXN-00794,2026-07-16 14:18:05,2026-07-16,2026-07,Thursday,No,Fujairah,LuLu Fujairah City,Hypermarket,Electronics,Audio & Accessories,National Brand,1,752.88,0.9,752.88,746.1,616.15,129.95,In-store,Cash,No Promotion,25-34,Male,No,4
TXN-00795,2026-07-16 18:30:42,2026-07-16,2026-07,Thursday,No,Abu Dhabi,LuLu Al Wahda,Hypermarket,Fashion,Footwear,National Brand,4,153.41,0.0,613.64,613.64,380.95,232.69,In-store,Digital Wallet,No Promotion,25-34,Male,No,4
TXN-00796,2026-07-16 23:57:30,2026-07-16,2026-07,Thursday,No,Sharjah,LuLu Al Majaz,Express,Fresh,Bakery,National Brand,9,9.82,0.8,88.38,87.67,67.4,20.27,In-store,Buy Now Pay Later,No Promotion,25-34,Male,No,5
TXN-00797,2026-07-17 18:46:48,2026-07-17,2026-07,Friday,No,Dubai,LuLu Al Qusais,Hypermarket,Fresh,Seafood,LuLu Private Label,3,22.46,0.0,67.38,67.38,50.93,16.45,In-store,Card,No Promotion,25-34,Female,No,4
TXN-00798,2026-07-17 20:44:10,2026-07-17,2026-07,Friday,No,Dubai,LuLu JLT,Express,Fresh,Fruits & Vegetables,LuLu Private Label,8,13.79,2.3,110.32,107.78,79.91,27.87,Online,Digital Wallet,No Promotion,45-54,Male,No,4
TXN-00799,2026-07-17 21:22:43,2026-07-17,2026-07,Friday,No,Umm Al Quwain,LuLu UAQ Central,Supermarket,Home Decor,Bedding & Linen,National Brand,2,343.84,0.0,687.68,687.68,401.79,285.89,In-store,Cash,No Promotion,35-44,Male,No,4
TXN-00800,2026-07-18 09:43:02,2026-07-18,2026-07,Saturday,Yes,Abu Dhabi,LuLu Al Wahda,Hypermarket,Home Decor,Lighting,National Brand,3,184.9,0.0,554.7,554.7,336.87,217.83,In-store,Card,No Promotion,45-54,Female,Yes,4
TXN-00801,2026-07-18 12:06:23,2026-07-18,2026-07,Saturday,Yes,Sharjah,LuLu Al Majaz,Express,Grocery,Rice & Grains,National Brand,2,21.37,10.1,42.74,38.42,35.25,3.17,In-store,Digital Wallet,Weekend Deal,45-54,Male,No,4
TXN-00802,2026-07-18 19:33:25,2026-07-18,2026-07,Saturday,Yes,Fujairah,LuLu Fujairah City,Hypermarket,Fresh,Dairy & Eggs,National Brand,2,22.89,4.9,45.78,43.54,35.42,8.12,In-store,Card,Weekend Deal,35-44,Male,Yes,3
TXN-00803,2026-07-19 08:22:04,2026-07-19,2026-07,Sunday,Yes,Fujairah,LuLu Fujairah City,Hypermarket,Grocery,Beverages,National Brand,6,7.87,11.8,47.22,41.65,41.08,0.57,In-store,Digital Wallet,Weekend Deal,25-34,Female,Yes,3
TXN-00804,2026-07-19 19:20:16,2026-07-19,2026-07,Sunday,Yes,Sharjah,LuLu Al Nahda,Hypermarket,Furniture,Dining Sets,National Brand,2,1310.48,0.0,2620.96,2620.96,1654.19,966.77,In-store,Card,No Promotion,18-24,Female,Yes,4
TXN-00805,2026-07-19 19:56:53,2026-07-19,2026-07,Sunday,Yes,Ajman,LuLu Al Nuaimiya,Express,Grocery,Cooking Oil & Ghee,National Brand,6,46.2,5.6,277.2,261.68,230.65,31.03,In-store,Cash,Weekend Deal,45-54,Male,No,2
TXN-00806,2026-07-19 20:30:24,2026-07-19,2026-07,Sunday,Yes,Sharjah,LuLu Al Nahda,Hypermarket,Electronics,Laptops,National Brand,2,3369.76,0.0,6739.52,6739.52,5597.62,1141.9,Click & Collect,Card,No Promotion,35-44,Female,No,5
TXN-00807,2026-07-19 23:55:02,2026-07-19,2026-07,Sunday,Yes,Dubai,LuLu JLT,Express,Home Decor,Wall Art,National Brand,3,238.11,10.5,714.33,639.33,463.68,175.65,In-store,Digital Wallet,Weekend Deal,25-34,Female,No,5
TXN-00808,2026-07-20 10:09:48,2026-07-20,2026-07,Monday,No,Abu Dhabi,LuLu Mushrif,Hypermarket,Furniture,Storage & Wardrobes,National Brand,1,1653.7,0.0,1653.7,1653.7,1187.53,466.17,Click & Collect,Card,No Promotion,18-24,Female,Yes,5
TXN-00809,2026-07-20 11:06:04,2026-07-20,2026-07,Monday,No,Dubai,LuLu Silicon Oasis,Supermarket,Furniture,Dining Sets,National Brand,1,2055.85,0.0,2055.85,2055.85,1300.83,755.02,Online,Card,No Promotion,35-44,Female,No,4
TXN-00810,2026-07-21 16:27:04,2026-07-21,2026-07,Tuesday,No,Sharjah,LuLu Al Majaz,Express,Grocery,Household Cleaning,National Brand,9,29.57,0.0,266.13,266.13,213.39,52.74,In-store,Card,No Promotion,25-34,Male,Yes,5
TXN-00811,2026-07-21 19:36:04,2026-07-21,2026-07,Tuesday,No,Dubai,LuLu Al Barsha,Hypermarket,Home Decor,Rugs & Carpets,LuLu Private Label,4,230.71,0.0,922.84,922.84,569.26,353.58,In-store,Cash,No Promotion,35-44,Male,No,4
TXN-00812,2026-07-21 21:56:02,2026-07-21,2026-07,Tuesday,No,Abu Dhabi,LuLu Mushrif,Hypermarket,Furniture,Storage & Wardrobes,LuLu Private Label,2,2087.0,0.0,4174.0,4174.0,2732.49,1441.51,In-store,Digital Wallet,No Promotion,18-24,Male,No,4
TXN-00813,2026-07-21 23:55:54,2026-07-21,2026-07,Tuesday,No,Abu Dhabi,LuLu Al Wahda,Hypermarket,Home Decor,Kitchenware,National Brand,3,122.71,0.0,368.13,368.13,257.36,110.77,In-store,Card,No Promotion,18-24,Male,No,4
TXN-00814,2026-07-23 14:55:20,2026-07-23,2026-07,Thursday,No,Dubai,LuLu Al Qusais,Hypermarket,Furniture,Storage & Wardrobes,National Brand,2,1942.68,0.0,3885.36,3885.36,2414.44,1470.92,Click & Collect,Card,No Promotion,25-34,Male,Yes,5
TXN-00815,2026-07-23 20:52:54,2026-07-23,2026-07,Thursday,No,Abu Dhabi,LuLu Al Wahda,Hypermarket,Grocery,Rice & Grains,LuLu Private Label,5,24.37,0.4,121.85,121.36,100.76,20.6,In-store,Cash,No Promotion,55+,Male,Yes,5
TXN-00816,2026-07-25 21:12:36,2026-07-25,2026-07,Saturday,Yes,Abu Dhabi,LuLu Al Wahda,Hypermarket,Fresh,Seafood,LuLu Private Label,10,29.22,0.0,292.2,292.2,226.73,65.47,In-store,Card,No Promotion,35-44,Female,No,3
TXN-00817,2026-07-26 13:36:00,2026-07-26,2026-07,Sunday,Yes,Abu Dhabi,LuLu Khalifa City,Supermarket,Fashion,Footwear,National Brand,1,211.25,3.1,211.25,204.7,134.11,70.59,In-store,Cash,No Promotion,45-54,Female,Yes,4
TXN-00818,2026-07-26 14:54:06,2026-07-26,2026-07,Sunday,Yes,Sharjah,LuLu Al Nahda,Hypermarket,Fresh,Dairy & Eggs,National Brand,11,10.84,2.3,119.24,116.5,96.48,20.02,Click & Collect,Card,No Promotion,25-34,Male,No,5
TXN-00819,2026-07-27 18:45:02,2026-07-27,2026-07,Monday,No,Fujairah,LuLu Fujairah City,Hypermarket,Grocery,Household Cleaning,National Brand,4,39.07,0.0,156.28,156.28,133.8,22.48,In-store,Card,No Promotion,18-24,Female,Yes,4
TXN-00820,2026-07-28 20:36:26,2026-07-28,2026-07,Tuesday,No,Abu Dhabi,LuLu Al Wahda,Hypermarket,Grocery,Beverages,National Brand,3,3.94,0.0,11.82,11.82,9.75,2.07,In-store,Buy Now Pay Later,No Promotion,25-34,Male,No,4
TXN-00821,2026-07-30 11:39:51,2026-07-30,2026-07,Thursday,No,Ras Al Khaimah,LuLu Al Nakheel,Hypermarket,Grocery,Household Cleaning,LuLu Private Label,2,29.67,0.0,59.34,59.34,51.29,8.05,In-store,Card,No Promotion,18-24,Male,Yes,3
TXN-00822,2026-07-30 12:42:56,2026-07-30,2026-07,Thursday,No,Dubai,LuLu Al Barsha,Hypermarket,Grocery,Snacks,National Brand,2,14.1,0.0,28.2,28.2,24.12,4.08,In-store,Digital Wallet,No Promotion,18-24,Male,Yes,5
TXN-00823,2026-07-31 15:14:25,2026-07-31,2026-07,Friday,No,Dubai,LuLu Al Qusais,Hypermarket,Electronics,Small Appliances,National Brand,2,259.53,0.0,519.06,519.06,419.75,99.31,In-store,Card,No Promotion,35-44,Female,No,2
TXN-00824,2026-08-01 09:20:48,2026-08-01,2026-08,Saturday,Yes,Fujairah,LuLu Fujairah City,Hypermarket,Electronics,Televisions,National Brand,1,1033.12,8.2,1033.12,948.4,877.3,71.1,In-store,Card,Weekend Deal,55+,Male,No,3
TXN-00825,2026-08-01 16:09:20,2026-08-01,2026-08,Saturday,Yes,Dubai,LuLu JLT,Express,Fresh,Meat & Poultry,LuLu Private Label,7,21.48,4.1,150.36,144.2,110.07,34.13,In-store,Card,Weekend Deal,45-54,Female,No,3
TXN-00826,2026-08-01 20:00:08,2026-08-01,2026-08,Saturday,Yes,Dubai,LuLu Silicon Oasis,Supermarket,Fashion,Men's Wear,National Brand,2,137.81,0.0,275.62,275.62,146.63,128.99,In-store,Digital Wallet,No Promotion,25-34,Male,Yes,3
TXN-00827,2026-08-01 20:25:19,2026-08-01,2026-08,Saturday,Yes,Ajman,LuLu Al Jurf,Hypermarket,Fresh,Seafood,National Brand,1,42.94,2.8,42.94,41.74,33.17,8.57,Online,Card,Weekend Deal,25-34,Male,Yes,4
TXN-00828,2026-08-02 10:29:52,2026-08-02,2026-08,Sunday,Yes,Abu Dhabi,LuLu Khalifa City,Supermarket,Grocery,Rice & Grains,National Brand,6,63.68,6.7,382.08,356.48,334.0,22.48,In-store,Card,Weekend Deal,35-44,Male,No,3
TXN-00829,2026-08-02 19:03:19,2026-08-02,2026-08,Sunday,Yes,Dubai,LuLu Al Qusais,Hypermarket,Fashion,Kids' Wear,LuLu Private Label,4,84.91,13.2,339.64,294.81,179.8,115.01,Online,Digital Wallet,Weekend Deal,35-44,Male,Yes,3
TXN-00830,2026-08-03 10:47:52,2026-08-03,2026-08,Monday,No,Sharjah,LuLu Muwaileh,Supermarket,Home Decor,Bedding & Linen,National Brand,2,126.19,0.0,252.38,252.38,166.8,85.58,In-store,Card,No Promotion,45-54,Male,No,5
TXN-00831,2026-08-03 13:17:01,2026-08-03,2026-08,Monday,No,Dubai,LuLu JLT,Express,Grocery,Rice & Grains,LuLu Private Label,2,37.87,0.0,75.74,75.74,65.56,10.18,In-store,Card,No Promotion,35-44,Male,Yes,3
TXN-00832,2026-08-03 20:44:53,2026-08-03,2026-08,Monday,No,Dubai,LuLu Silicon Oasis,Supermarket,Fashion,Kids' Wear,LuLu Private Label,1,133.14,0.0,133.14,133.14,85.92,47.22,In-store,Digital Wallet,No Promotion,18-24,Female,Yes,5
TXN-00833,2026-08-04 19:14:15,2026-08-04,2026-08,Tuesday,No,Dubai,LuLu Silicon Oasis,Supermarket,Fresh,Meat & Poultry,National Brand,11,31.83,0.7,350.13,347.68,253.6,94.08,In-store,Card,No Promotion,25-34,Male,Yes,2
TXN-00834,2026-08-05 10:11:19,2026-08-05,2026-08,Wednesday,No,Abu Dhabi,LuLu Al Reem,Express,Grocery,Snacks,LuLu Private Label,10,5.73,0.0,57.3,57.3,48.23,9.07,In-store,Card,No Promotion,35-44,Male,Yes,5
TXN-00835,2026-08-05 18:54:05,2026-08-05,2026-08,Wednesday,No,Fujairah,LuLu Fujairah City,Hypermarket,Electronics,Audio & Accessories,National Brand,1,608.03,0.0,608.03,608.03,485.39,122.64,In-store,Card,No Promotion,25-34,Female,No,5
TXN-00836,2026-08-05 19:46:12,2026-08-05,2026-08,Wednesday,No,Abu Dhabi,LuLu Al Wahda,Hypermarket,Grocery,Household Cleaning,National Brand,8,31.09,0.0,248.72,248.72,202.92,45.8,In-store,Digital Wallet,No Promotion,18-24,Female,No,4
TXN-00837,2026-08-05 20:39:14,2026-08-05,2026-08,Wednesday,No,Abu Dhabi,LuLu Al Wahda,Hypermarket,Electronics,Laptops,National Brand,2,4953.55,0.0,9907.1,9907.1,7960.46,1946.64,Click & Collect,Card,No Promotion,45-54,Male,Yes,1
TXN-00838,2026-08-05 22:25:07,2026-08-05,2026-08,Wednesday,No,Dubai,LuLu Silicon Oasis,Supermarket,Fashion,Women's Wear,National Brand,3,216.34,0.0,649.02,649.02,409.48,239.54,In-store,Cash,No Promotion,25-34,Female,Yes,3
TXN-00839,2026-08-06 18:01:13,2026-08-06,2026-08,Thursday,No,Ajman,LuLu Al Nuaimiya,Express,Fresh,Seafood,National Brand,2,71.05,0.5,142.1,141.39,105.59,35.8,Online,Card,No Promotion,18-24,Female,No,4
TXN-00840,2026-08-07 11:59:38,2026-08-07,2026-08,Friday,No,Sharjah,LuLu Al Nahda,Hypermarket,Fresh,Meat & Poultry,LuLu Private Label,9,59.13,0.0,532.17,532.17,426.74,105.43,In-store,Digital Wallet,No Promotion,35-44,Male,Yes,5
TXN-00841,2026-08-07 21:15:46,2026-08-07,2026-08,Friday,No,Abu Dhabi,LuLu Al Reem,Express,Grocery,Beverages,National Brand,1,10.19,0.0,10.19,10.19,8.61,1.58,In-store,Digital Wallet,No Promotion,18-24,Female,No,5
TXN-00842,2026-08-08 11:23:39,2026-08-08,2026-08,Saturday,Yes,Abu Dhabi,LuLu Al Reem,Express,Grocery,Snacks,National Brand,5,14.84,5.2,74.2,70.34,65.11,5.23,Online,Card,Weekend Deal,35-44,Male,No,3
TXN-00843,2026-08-08 13:40:45,2026-08-08,2026-08,Saturday,Yes,Dubai,LuLu Al Barsha,Hypermarket,Grocery,Household Cleaning,National Brand,3,43.67,0.0,131.01,131.01,114.06,16.95,Online,Card,No Promotion,55+,Male,Yes,4
TXN-00844,2026-08-08 19:37:37,2026-08-08,2026-08,Saturday,Yes,Ajman,LuLu Al Jurf,Hypermarket,Fresh,Fruits & Vegetables,LuLu Private Label,8,22.09,0.0,176.72,176.72,127.34,49.38,In-store,Cash,No Promotion,25-34,Male,Yes,4
TXN-00845,2026-08-08 19:39:08,2026-08-08,2026-08,Saturday,Yes,Dubai,LuLu Al Barsha,Hypermarket,Fashion,Men's Wear,National Brand,4,177.97,3.0,711.88,690.52,363.23,327.29,Click & Collect,Card,No Promotion,35-44,Female,Yes,4
TXN-00846,2026-08-09 19:17:20,2026-08-09,2026-08,Sunday,Yes,Fujairah,LuLu Fujairah City,Hypermarket,Grocery,Snacks,LuLu Private Label,1,5.12,4.9,5.12,4.87,4.16,0.71,In-store,Digital Wallet,Weekend Deal,25-34,Male,Yes,3
TXN-00847,2026-08-09 19:47:05,2026-08-09,2026-08,Sunday,Yes,Ajman,LuLu Al Nuaimiya,Express,Grocery,Cooking Oil & Ghee,LuLu Private Label,3,40.65,0.0,121.95,121.95,104.08,17.87,In-store,Card,No Promotion,18-24,Male,Yes,2
TXN-00848,2026-08-10 11:08:15,2026-08-10,2026-08,Monday,No,Dubai,LuLu JLT,Express,Grocery,Cooking Oil & Ghee,National Brand,5,42.82,0.0,214.1,214.1,187.76,26.34,In-store,Digital Wallet,No Promotion,35-44,Male,Yes,5
TXN-00849,2026-08-10 15:44:42,2026-08-10,2026-08,Monday,No,Abu Dhabi,LuLu Khalifa City,Supermarket,Fresh,Fruits & Vegetables,LuLu Private Label,3,14.92,0.0,44.76,44.76,36.15,8.61,In-store,Digital Wallet,No Promotion,55+,Female,Yes,1
TXN-00850,2026-08-10 20:39:13,2026-08-10,2026-08,Monday,No,Abu Dhabi,LuLu Al Reem,Express,Grocery,Beverages,National Brand,8,5.58,0.0,44.64,44.64,37.17,7.47,In-store,Cash,No Promotion,18-24,Male,Yes,2
TXN-00851,2026-08-10 23:06:11,2026-08-10,2026-08,Monday,No,Umm Al Quwain,LuLu UAQ Central,Supermarket,Grocery,Beverages,LuLu Private Label,8,10.91,0.2,87.28,87.11,71.84,15.27,In-store,Card,No Promotion,35-44,Male,No,5
TXN-00852,2026-08-11 09:33:54,2026-08-11,2026-08,Tuesday,No,Abu Dhabi,LuLu Khalifa City,Supermarket,Fresh,Bakery,National Brand,4,11.97,0.0,47.88,47.88,36.28,11.6,Online,Digital Wallet,No Promotion,18-24,Male,Yes,5
TXN-00853,2026-08-11 10:04:19,2026-08-11,2026-08,Tuesday,No,Abu Dhabi,LuLu Khalifa City,Supermarket,Fresh,Seafood,National Brand,5,30.98,2.1,154.9,151.65,120.97,30.68,In-store,Card,No Promotion,35-44,Male,No,4
TXN-00854,2026-08-11 10:12:29,2026-08-11,2026-08,Tuesday,No,Ajman,LuLu Al Nuaimiya,Express,Grocery,Cooking Oil & Ghee,National Brand,8,38.7,0.1,309.6,309.29,251.14,58.15,In-store,Card,No Promotion,25-34,Male,No,3
TXN-00855,2026-08-11 13:57:21,2026-08-11,2026-08,Tuesday,No,Dubai,LuLu JLT,Express,Fresh,Seafood,LuLu Private Label,3,72.44,1.8,217.32,213.41,167.87,45.54,Click & Collect,Card,No Promotion,35-44,Female,Yes,4
TXN-00856,2026-08-11 14:04:33,2026-08-11,2026-08,Tuesday,No,Dubai,LuLu Al Qusais,Hypermarket,Grocery,Cooking Oil & Ghee,National Brand,9,44.47,0.0,400.23,400.23,321.64,78.59,In-store,Card,No Promotion,25-34,Male,No,3
TXN-00857,2026-08-11 15:49:15,2026-08-11,2026-08,Tuesday,No,Sharjah,LuLu Al Nahda,Hypermarket,Furniture,Beds & Mattresses,National Brand,2,3233.37,3.3,6466.74,6253.34,4758.38,1494.96,In-store,Digital Wallet,No Promotion,18-24,Male,No,4
TXN-00858,2026-08-11 16:16:44,2026-08-11,2026-08,Tuesday,No,Sharjah,LuLu Muwaileh,Supermarket,Home Decor,Bedding & Linen,National Brand,1,152.83,0.7,152.83,151.76,103.17,48.59,In-store,Card,No Promotion,35-44,Male,Yes,4
TXN-00859,2026-08-11 19:54:20,2026-08-11,2026-08,Tuesday,No,Dubai,LuLu Silicon Oasis,Supermarket,Fresh,Meat & Poultry,National Brand,3,42.96,1.7,128.88,126.69,103.78,22.91,In-store,Card,No Promotion,25-34,Male,No,4
TXN-00860,2026-08-11 22:30:41,2026-08-11,2026-08,Tuesday,No,Abu Dhabi,LuLu Al Reem,Express,Grocery,Rice & Grains,LuLu Private Label,5,67.67,0.0,338.35,338.35,277.52,60.83,In-store,Card,No Promotion,18-24,Male,Yes,4
TXN-00861,2026-08-12 11:46:56,2026-08-12,2026-08,Wednesday,No,Dubai,LuLu Silicon Oasis,Supermarket,Fresh,Seafood,National Brand,12,38.35,0.0,460.2,460.2,336.96,123.24,In-store,Digital Wallet,No Promotion,35-44,Male,No,4
TXN-00862,2026-08-13 13:54:44,2026-08-13,2026-08,Thursday,No,Sharjah,LuLu Al Nahda,Hypermarket,Fashion,Women's Wear,National Brand,4,307.2,0.0,1228.8,1228.8,646.4,582.4,Click & Collect,Card,No Promotion,35-44,Male,No,3
TXN-00863,2026-08-13 22:46:12,2026-08-13,2026-08,Thursday,No,Abu Dhabi,LuLu Mushrif,Hypermarket,Fashion,Women's Wear,National Brand,4,298.44,1.2,1193.76,1179.43,597.92,581.51,In-store,Cash,No Promotion,25-34,Female,No,5
TXN-00864,2026-08-13 22:47:14,2026-08-13,2026-08,Thursday,No,Umm Al Quwain,LuLu UAQ Central,Supermarket,Fashion,Men's Wear,LuLu Private Label,1,119.74,0.0,119.74,119.74,61.23,58.51,Online,Card,No Promotion,35-44,Female,Yes,4
TXN-00865,2026-08-13 23:42:23,2026-08-13,2026-08,Thursday,No,Umm Al Quwain,LuLu UAQ Central,Supermarket,Grocery,Beverages,LuLu Private Label,6,13.18,1.2,79.08,78.13,64.07,14.06,In-store,Digital Wallet,No Promotion,25-34,Female,Yes,3
TXN-00866,2026-08-14 13:40:54,2026-08-14,2026-08,Friday,No,Abu Dhabi,LuLu Khalifa City,Supermarket,Grocery,Snacks,National Brand,4,5.47,0.0,21.88,21.88,18.11,3.77,In-store,Card,No Promotion,25-34,Male,No,5
TXN-00867,2026-08-14 19:12:40,2026-08-14,2026-08,Friday,No,Abu Dhabi,LuLu Khalifa City,Supermarket,Grocery,Snacks,National Brand,7,12.42,0.0,86.94,86.94,76.49,10.45,In-store,Digital Wallet,No Promotion,55+,Male,No,5
TXN-00868,2026-08-15 15:04:28,2026-08-15,2026-08,Saturday,Yes,Dubai,LuLu Silicon Oasis,Supermarket,Fashion,Footwear,National Brand,3,96.33,14.2,288.99,247.95,147.69,100.26,In-store,Cash,Back to School,55+,Male,Yes,5
TXN-00869,2026-08-15 18:26:46,2026-08-15,2026-08,Saturday,Yes,Abu Dhabi,LuLu Mushrif,Hypermarket,Fresh,Fruits & Vegetables,LuLu Private Label,7,11.4,12.5,79.8,69.83,57.77,12.06,In-store,Cash,Back to School,35-44,Female,No,4
TXN-00870,2026-08-16 11:39:10,2026-08-16,2026-08,Sunday,Yes,Ajman,LuLu Al Nuaimiya,Express,Fresh,Dairy & Eggs,National Brand,6,11.27,14.5,67.62,57.82,49.92,7.9,Online,Buy Now Pay Later,Back to School,55+,Male,No,3
TXN-00871,2026-08-16 14:50:11,2026-08-16,2026-08,Sunday,Yes,Dubai,LuLu JLT,Express,Grocery,Beverages,National Brand,2,24.17,21.9,48.34,37.75,41.77,-4.02,In-store,Cash,Back to School,35-44,Male,No,3
TXN-00872,2026-08-16 17:37:27,2026-08-16,2026-08,Sunday,Yes,Abu Dhabi,LuLu Khalifa City,Supermarket,Home Decor,Bedding & Linen,National Brand,5,356.51,12.5,1782.55,1559.73,1233.8,325.93,Online,Digital Wallet,Back to School,18-24,Male,No,4
TXN-00873,2026-08-16 18:10:10,2026-08-16,2026-08,Sunday,Yes,Dubai,LuLu Al Barsha,Hypermarket,Electronics,Audio & Accessories,National Brand,2,342.75,8.0,685.5,630.66,560.06,70.6,In-store,Card,Weekend Deal,35-44,Female,Yes,5
TXN-00874,2026-08-16 19:45:12,2026-08-16,2026-08,Sunday,Yes,Sharjah,LuLu Al Nahda,Hypermarket,Fresh,Meat & Poultry,National Brand,10,32.27,0.7,322.7,320.44,263.25,57.19,Online,Card,No Promotion,25-34,Male,No,5
TXN-00875,2026-08-18 19:28:59,2026-08-18,2026-08,Tuesday,No,Sharjah,LuLu Al Nahda,Hypermarket,Grocery,Rice & Grains,National Brand,4,55.72,8.0,222.88,205.05,195.51,9.54,In-store,Card,Back to School,35-44,Female,Yes,3
TXN-00876,2026-08-19 11:59:33,2026-08-19,2026-08,Wednesday,No,Sharjah,LuLu Al Nahda,Hypermarket,Home Decor,Wall Art,LuLu Private Label,3,289.65,0.0,868.95,868.95,548.56,320.39,In-store,Card,No Promotion,45-54,Male,No,5
TXN-00877,2026-08-19 15:18:35,2026-08-19,2026-08,Wednesday,No,Abu Dhabi,LuLu Al Reem,Express,Grocery,Household Cleaning,LuLu Private Label,9,35.63,8.1,320.67,294.7,277.85,16.85,In-store,Digital Wallet,Back to School,45-54,Male,No,3
TXN-00878,2026-08-19 20:21:21,2026-08-19,2026-08,Wednesday,No,Dubai,LuLu Al Qusais,Hypermarket,Grocery,Rice & Grains,LuLu Private Label,9,16.49,0.0,148.41,148.41,127.29,21.12,In-store,Cash,No Promotion,18-24,Female,No,3
TXN-00879,2026-08-19 20:26:01,2026-08-19,2026-08,Wednesday,No,Dubai,LuLu JLT,Express,Fresh,Bakery,LuLu Private Label,10,11.92,10.3,119.2,106.92,85.87,21.05,In-store,Card,Back to School,25-34,Male,Yes,5
TXN-00880,2026-08-19 21:58:29,2026-08-19,2026-08,Wednesday,No,Abu Dhabi,LuLu Al Wahda,Hypermarket,Home Decor,Rugs & Carpets,National Brand,1,492.39,24.9,492.39,369.78,325.5,44.28,In-store,Card,Back to School,18-24,Female,Yes,3
TXN-00881,2026-08-20 09:47:24,2026-08-20,2026-08,Thursday,No,Abu Dhabi,LuLu Al Reem,Express,Grocery,Snacks,LuLu Private Label,2,8.07,17.8,16.14,13.27,13.3,-0.03,Online,Digital Wallet,Back to School,45-54,Male,No,5
TXN-00882,2026-08-20 11:16:39,2026-08-20,2026-08,Thursday,No,Fujairah,LuLu Fujairah City,Hypermarket,Home Decor,Wall Art,National Brand,5,264.21,17.1,1321.05,1095.15,746.64,348.51,Online,Card,Back to School,35-44,Male,Yes,4
TXN-00883,2026-08-20 18:11:13,2026-08-20,2026-08,Thursday,No,Dubai,LuLu Al Barsha,Hypermarket,Electronics,Mobile Phones,National Brand,2,4031.17,12.9,8062.34,7022.3,6531.2,491.1,Click & Collect,Buy Now Pay Later,Back to School,25-34,Male,Yes,4
TXN-00884,2026-08-21 19:35:33,2026-08-21,2026-08,Friday,No,Abu Dhabi,LuLu Al Reem,Express,Grocery,Snacks,National Brand,3,17.76,17.8,53.28,43.8,46.2,-2.4,In-store,Cash,Back to School,25-34,Male,No,3
TXN-00885,2026-08-22 15:10:58,2026-08-22,2026-08,Saturday,Yes,Dubai,LuLu Al Qusais,Hypermarket,Furniture,Sofas,LuLu Private Label,1,4579.48,25.3,4579.48,3420.87,3020.63,400.24,In-store,Digital Wallet,Back to School,25-34,Male,Yes,4
TXN-00886,2026-08-22 21:30:57,2026-08-22,2026-08,Saturday,Yes,Abu Dhabi,LuLu Mushrif,Hypermarket,Grocery,Rice & Grains,National Brand,10,53.64,15.3,536.4,454.33,462.4,-8.07,In-store,Digital Wallet,Back to School,45-54,Male,Yes,4
TXN-00887,2026-08-22 21:37:08,2026-08-22,2026-08,Saturday,Yes,Sharjah,LuLu Muwaileh,Supermarket,Home Decor,Rugs & Carpets,National Brand,2,84.95,23.3,169.9,130.31,105.53,24.78,In-store,Cash,Back to School,35-44,Male,Yes,4
TXN-00888,2026-08-23 16:03:11,2026-08-23,2026-08,Sunday,Yes,Dubai,LuLu Al Barsha,Hypermarket,Grocery,Cooking Oil & Ghee,LuLu Private Label,7,39.09,0.0,273.63,273.63,235.33,38.3,In-store,Card,No Promotion,35-44,Female,Yes,4
TXN-00889,2026-08-23 17:02:08,2026-08-23,2026-08,Sunday,Yes,Sharjah,LuLu Muwaileh,Supermarket,Furniture,Sofas,National Brand,2,3910.18,16.9,7820.36,6498.72,5518.11,980.61,Online,Digital Wallet,Back to School,45-54,Male,Yes,2
TXN-00890,2026-08-23 20:10:00,2026-08-23,2026-08,Sunday,Yes,Abu Dhabi,LuLu Al Reem,Express,Fresh,Fruits & Vegetables,National Brand,10,8.04,11.4,80.4,71.23,59.91,11.32,In-store,Digital Wallet,Back to School,35-44,Male,No,5
TXN-00891,2026-08-23 20:33:50,2026-08-23,2026-08,Sunday,Yes,Ras Al Khaimah,LuLu Al Hamra,Supermarket,Fresh,Fruits & Vegetables,LuLu Private Label,12,18.92,5.8,227.04,213.87,179.82,34.05,In-store,Card,Back to School,45-54,Male,Yes,3
TXN-00892,2026-08-23 21:42:54,2026-08-23,2026-08,Sunday,Yes,Abu Dhabi,LuLu Khalifa City,Supermarket,Grocery,Rice & Grains,National Brand,7,68.36,0.0,478.52,478.52,416.24,62.28,In-store,Card,No Promotion,18-24,Male,No,3
TXN-00893,2026-08-24 13:54:42,2026-08-24,2026-08,Monday,No,Abu Dhabi,LuLu Mushrif,Hypermarket,Grocery,Snacks,National Brand,6,4.1,17.3,24.6,20.34,20.76,-0.42,In-store,Cash,Back to School,25-34,Female,Yes,4
TXN-00894,2026-08-24 19:45:28,2026-08-24,2026-08,Monday,No,Dubai,LuLu Al Qusais,Hypermarket,Furniture,Sofas,National Brand,1,4821.27,4.9,4821.27,4585.03,3024.67,1560.36,In-store,Buy Now Pay Later,No Promotion,35-44,Male,No,5
TXN-00895,2026-08-24 23:15:41,2026-08-24,2026-08,Monday,No,Abu Dhabi,LuLu Khalifa City,Supermarket,Electronics,Mobile Phones,National Brand,1,3267.01,8.4,3267.01,2992.58,2716.4,276.18,In-store,Card,Back to School,35-44,Male,No,2
TXN-00896,2026-08-25 10:08:41,2026-08-25,2026-08,Tuesday,No,Abu Dhabi,LuLu Khalifa City,Supermarket,Fresh,Fruits & Vegetables,National Brand,7,11.55,6.6,80.85,75.51,63.06,12.45,In-store,Card,Back to School,45-54,Female,Yes,4
TXN-00897,2026-08-25 11:03:30,2026-08-25,2026-08,Tuesday,No,Dubai,LuLu Al Barsha,Hypermarket,Fresh,Dairy & Eggs,LuLu Private Label,12,8.79,11.3,105.48,93.56,81.57,11.99,In-store,Buy Now Pay Later,Back to School,25-34,Female,Yes,3
TXN-00898,2026-08-25 14:56:00,2026-08-25,2026-08,Tuesday,No,Abu Dhabi,LuLu Khalifa City,Supermarket,Fresh,Fruits & Vegetables,National Brand,8,8.5,0.0,68.0,68.0,50.71,17.29,Click & Collect,Card,No Promotion,18-24,Female,Yes,4
TXN-00899,2026-08-25 17:05:11,2026-08-25,2026-08,Tuesday,No,Dubai,LuLu Al Qusais,Hypermarket,Fashion,Women's Wear,National Brand,1,262.44,16.9,262.44,218.09,157.91,60.18,In-store,Card,Back to School,18-24,Female,Yes,4
TXN-00900,2026-08-25 20:32:12,2026-08-25,2026-08,Tuesday,No,Ras Al Khaimah,LuLu Al Nakheel,Hypermarket,Grocery,Cooking Oil & Ghee,LuLu Private Label,6,18.02,0.0,108.12,108.12,94.46,13.66,Online,Digital Wallet,No Promotion,25-34,Male,Yes,3
TXN-00901,2026-08-26 16:41:02,2026-08-26,2026-08,Wednesday,No,Ras Al Khaimah,LuLu Al Hamra,Supermarket,Grocery,Rice & Grains,LuLu Private Label,7,27.52,15.4,192.64,162.97,165.98,-3.01,In-store,Digital Wallet,Back to School,25-34,Male,Yes,2
TXN-00902,2026-08-26 21:29:03,2026-08-26,2026-08,Wednesday,No,Dubai,LuLu Al Qusais,Hypermarket,Fresh,Meat & Poultry,National Brand,9,38.05,13.4,342.45,296.56,250.54,46.02,In-store,Digital Wallet,Back to School,45-54,Male,Yes,4
TXN-00903,2026-08-27 12:39:17,2026-08-27,2026-08,Thursday,No,Abu Dhabi,LuLu Mushrif,Hypermarket,Home Decor,Bedding & Linen,LuLu Private Label,3,320.06,27.6,960.18,695.17,625.81,69.36,In-store,Card,Back to School,18-24,Female,Yes,5
TXN-00904,2026-08-27 13:26:21,2026-08-27,2026-08,Thursday,No,Sharjah,LuLu Al Nahda,Hypermarket,Grocery,Snacks,LuLu Private Label,7,12.16,10.3,85.12,76.35,71.6,4.75,In-store,Card,Back to School,25-34,Female,Yes,5
TXN-00905,2026-08-27 19:57:44,2026-08-27,2026-08,Thursday,No,Dubai,LuLu Al Barsha,Hypermarket,Electronics,Mobile Phones,National Brand,1,2571.05,0.0,2571.05,2571.05,2006.89,564.16,Online,Digital Wallet,No Promotion,18-24,Male,No,4
TXN-00906,2026-08-27 21:08:11,2026-08-27,2026-08,Thursday,No,Abu Dhabi,LuLu Al Wahda,Hypermarket,Fresh,Fruits & Vegetables,National Brand,7,21.87,12.8,153.09,133.49,123.29,10.2,In-store,Card,Back to School,45-54,Male,Yes,4
TXN-00907,2026-08-27 23:05:14,2026-08-27,2026-08,Thursday,No,Abu Dhabi,LuLu Al Reem,Express,Fashion,Women's Wear,National Brand,1,232.52,20.3,232.52,185.32,126.07,59.25,In-store,Digital Wallet,Back to School,35-44,Male,Yes,5
TXN-00908,2026-08-28 19:20:05,2026-08-28,2026-08,Friday,No,Abu Dhabi,LuLu Al Reem,Express,Grocery,Rice & Grains,LuLu Private Label,11,20.39,16.6,224.29,187.06,182.76,4.3,In-store,Digital Wallet,Back to School,25-34,Male,Yes,3
TXN-00909,2026-08-29 12:33:05,2026-08-29,2026-08,Saturday,Yes,Abu Dhabi,LuLu Mushrif,Hypermarket,Electronics,Mobile Phones,National Brand,2,2518.89,13.3,5037.78,4367.76,4063.4,304.36,Online,Card,Back to School,35-44,Male,No,4
TXN-00910,2026-08-29 12:58:41,2026-08-29,2026-08,Saturday,Yes,Abu Dhabi,LuLu Mushrif,Hypermarket,Electronics,Televisions,National Brand,2,3660.45,9.2,7320.9,6647.38,6191.21,456.17,In-store,Cash,Back to School,45-54,Male,No,5
TXN-00911,2026-08-29 19:38:14,2026-08-29,2026-08,Saturday,Yes,Ajman,LuLu Al Nuaimiya,Express,Fresh,Bakery,National Brand,8,9.03,12.5,72.24,63.21,57.36,5.85,In-store,Card,Back to School,18-24,Female,Yes,3
TXN-00912,2026-08-29 21:11:08,2026-08-29,2026-08,Saturday,Yes,Dubai,LuLu Al Barsha,Hypermarket,Grocery,Cooking Oil & Ghee,LuLu Private Label,7,54.06,22.5,378.42,293.28,327.3,-34.02,In-store,Card,Back to School,55+,Female,No,1
TXN-00913,2026-08-30 17:45:11,2026-08-30,2026-08,Sunday,Yes,Umm Al Quwain,LuLu UAQ Central,Supermarket,Furniture,Office Chairs,National Brand,2,628.4,0.0,1256.8,1256.8,900.01,356.79,Online,Card,No Promotion,25-34,Male,Yes,5
TXN-00914,2026-08-30 21:41:55,2026-08-30,2026-08,Sunday,Yes,Abu Dhabi,LuLu Mushrif,Hypermarket,Fashion,Footwear,National Brand,4,68.26,24.0,273.04,207.51,155.06,52.45,Online,Buy Now Pay Later,Back to School,45-54,Male,Yes,4
TXN-00915,2026-08-31 10:00:28,2026-08-31,2026-08,Monday,No,Abu Dhabi,LuLu Al Reem,Express,Grocery,Cooking Oil & Ghee,National Brand,8,32.35,12.5,258.8,226.45,220.15,6.3,In-store,Cash,Back to School,25-34,Female,Yes,5
TXN-00916,2026-08-31 11:28:20,2026-08-31,2026-08,Monday,No,Abu Dhabi,LuLu Mushrif,Hypermarket,Electronics,Mobile Phones,National Brand,2,3705.5,14.6,7411.0,6328.99,6259.46,69.53,Online,Card,Back to School,25-34,Male,Yes,4
TXN-00917,2026-08-31 14:57:54,2026-08-31,2026-08,Monday,No,Abu Dhabi,LuLu Mushrif,Hypermarket,Fashion,Footwear,National Brand,4,285.76,24.5,1143.04,863.0,590.51,272.49,Online,Digital Wallet,Back to School,25-34,Male,Yes,3
TXN-00918,2026-08-31 21:02:38,2026-08-31,2026-08,Monday,No,Sharjah,LuLu Al Majaz,Express,Grocery,Cooking Oil & Ghee,National Brand,10,13.49,1.5,134.9,132.88,118.29,14.59,In-store,Digital Wallet,No Promotion,45-54,Male,Yes,4
TXN-00919,2026-09-01 13:59:58,2026-09-01,2026-09,Tuesday,No,Dubai,LuLu Silicon Oasis,Supermarket,Fashion,Accessories,National Brand,2,100.03,3.2,200.06,193.66,101.26,92.4,Online,Digital Wallet,No Promotion,35-44,Male,No,1
TXN-00920,2026-09-01 14:52:59,2026-09-01,2026-09,Tuesday,No,Dubai,LuLu JLT,Express,Furniture,Beds & Mattresses,National Brand,1,1391.09,21.5,1391.09,1092.01,895.27,196.74,Click & Collect,Card,Back to School,25-34,Male,Yes,2
TXN-00921,2026-09-01 15:21:51,2026-09-01,2026-09,Tuesday,No,Ras Al Khaimah,LuLu Al Nakheel,Hypermarket,Fashion,Footwear,LuLu Private Label,2,221.7,15.3,443.4,375.56,247.62,127.94,Online,Card,Back to School,45-54,Female,Yes,3
TXN-00922,2026-09-01 20:46:04,2026-09-01,2026-09,Tuesday,No,Ras Al Khaimah,LuLu Al Nakheel,Hypermarket,Grocery,Beverages,National Brand,10,22.52,1.1,225.2,222.72,197.58,25.14,In-store,Card,No Promotion,35-44,Male,Yes,3
TXN-00923,2026-09-02 08:09:45,2026-09-02,2026-09,Wednesday,No,Sharjah,LuLu Al Majaz,Express,Grocery,Household Cleaning,National Brand,6,41.44,16.3,248.64,208.11,203.8,4.31,In-store,Digital Wallet,Back to School,25-34,Male,No,4
TXN-00924,2026-09-02 19:22:20,2026-09-02,2026-09,Wednesday,No,Abu Dhabi,LuLu Al Wahda,Hypermarket,Fresh,Bakery,LuLu Private Label,6,9.63,13.3,57.78,50.1,45.91,4.19,In-store,Card,Back to School,25-34,Male,Yes,4
TXN-00925,2026-09-02 21:15:28,2026-09-02,2026-09,Wednesday,No,Ras Al Khaimah,LuLu Al Nakheel,Hypermarket,Fresh,Meat & Poultry,National Brand,13,57.95,7.7,753.35,695.34,557.16,138.18,Online,Card,Back to School,25-34,Male,No,4
TXN-00926,2026-09-03 13:55:10,2026-09-03,2026-09,Thursday,No,Ras Al Khaimah,LuLu Al Hamra,Supermarket,Grocery,Beverages,LuLu Private Label,10,16.93,13.3,169.3,146.78,136.53,10.25,In-store,Card,Back to School,45-54,Female,Yes,4
TXN-00927,2026-09-03 16:05:50,2026-09-03,2026-09,Thursday,No,Fujairah,LuLu Fujairah City,Hypermarket,Fashion,Women's Wear,LuLu Private Label,4,68.53,0.0,274.12,274.12,165.38,108.74,In-store,Card,No Promotion,35-44,Female,No,5
TXN-00928,2026-09-03 16:58:59,2026-09-03,2026-09,Thursday,No,Abu Dhabi,LuLu Khalifa City,Supermarket,Electronics,Small Appliances,National Brand,2,507.07,10.1,1014.14,911.71,837.7,74.01,In-store,Cash,Back to School,25-34,Female,No,4
TXN-00929,2026-09-03 19:06:02,2026-09-03,2026-09,Thursday,No,Abu Dhabi,LuLu Khalifa City,Supermarket,Grocery,Beverages,National Brand,7,11.52,14.2,80.64,69.19,67.03,2.16,In-store,Card,Back to School,25-34,Female,No,4
TXN-00930,2026-09-03 19:38:00,2026-09-03,2026-09,Thursday,No,Ajman,LuLu Al Nuaimiya,Express,Fresh,Bakery,National Brand,1,16.92,0.0,16.92,16.92,13.66,3.26,In-store,Card,No Promotion,35-44,Female,Yes,3
TXN-00931,2026-09-04 09:32:23,2026-09-04,2026-09,Friday,No,Fujairah,LuLu Fujairah City,Hypermarket,Fresh,Meat & Poultry,National Brand,5,33.19,10.8,165.95,148.03,122.0,26.03,In-store,Card,Back to School,25-34,Male,No,4
TXN-00932,2026-09-04 09:55:36,2026-09-04,2026-09,Friday,No,Abu Dhabi,LuLu Mushrif,Hypermarket,Electronics,Audio & Accessories,National Brand,2,604.22,8.6,1208.44,1104.51,1011.31,93.2,Online,Card,Back to School,35-44,Female,No,1
TXN-00933,2026-09-04 19:30:20,2026-09-04,2026-09,Friday,No,Ajman,LuLu Al Jurf,Hypermarket,Fresh,Dairy & Eggs,National Brand,10,11.25,5.2,112.5,106.65,89.2,17.45,In-store,Cash,Back to School,18-24,Male,Yes,4
TXN-00934,2026-09-04 20:22:37,2026-09-04,2026-09,Friday,No,Umm Al Quwain,LuLu UAQ Central,Supermarket,Fashion,Men's Wear,LuLu Private Label,3,181.93,18.3,545.79,445.91,339.38,106.53,In-store,Card,Back to School,45-54,Male,No,5
TXN-00935,2026-09-05 15:29:31,2026-09-05,2026-09,Saturday,Yes,Dubai,LuLu JLT,Express,Grocery,Snacks,LuLu Private Label,8,18.33,10.7,146.64,130.95,125.8,5.15,In-store,Card,Weekend Deal,35-44,Male,Yes,1
TXN-00936,2026-09-05 15:35:25,2026-09-05,2026-09,Saturday,Yes,Sharjah,LuLu Al Nahda,Hypermarket,Fresh,Dairy & Eggs,LuLu Private Label,7,6.01,11.2,42.07,37.36,34.23,3.13,In-store,Card,Back to School,45-54,Male,Yes,4
TXN-00937,2026-09-05 18:10:39,2026-09-05,2026-09,Saturday,Yes,Dubai,LuLu Al Qusais,Hypermarket,Home Decor,Bedding & Linen,National Brand,4,95.67,0.0,382.68,382.68,222.9,159.78,Online,Digital Wallet,No Promotion,25-34,Female,Yes,5
TXN-00938,2026-09-06 11:42:26,2026-09-06,2026-09,Sunday,Yes,Ras Al Khaimah,LuLu Al Nakheel,Hypermarket,Home Decor,Kitchenware,LuLu Private Label,4,92.94,17.7,371.76,305.96,247.83,58.13,In-store,Card,Back to School,25-34,Female,No,5
TXN-00939,2026-09-06 12:05:01,2026-09-06,2026-09,Sunday,Yes,Dubai,LuLu JLT,Express,Fresh,Dairy & Eggs,National Brand,11,7.09,5.4,77.99,73.78,61.76,12.02,In-store,Digital Wallet,Weekend Deal,25-34,Male,No,4
TXN-00940,2026-09-06 12:08:43,2026-09-06,2026-09,Sunday,Yes,Sharjah,LuLu Al Nahda,Hypermarket,Fashion,Footwear,National Brand,2,226.63,9.8,453.26,408.84,275.31,133.53,In-store,Cash,Weekend Deal,25-34,Female,Yes,5
TXN-00941,2026-09-06 18:13:47,2026-09-06,2026-09,Sunday,Yes,Umm Al Quwain,LuLu UAQ Central,Supermarket,Grocery,Household Cleaning,National Brand,9,25.86,12.9,232.74,202.72,200.54,2.18,In-store,Digital Wallet,Back to School,55+,Female,Yes,3
TXN-00942,2026-09-06 19:00:17,2026-09-06,2026-09,Sunday,Yes,Abu Dhabi,LuLu Mushrif,Hypermarket,Grocery,Household Cleaning,National Brand,7,24.3,0.0,170.1,170.1,142.78,27.32,In-store,Digital Wallet,No Promotion,55+,Female,No,4
TXN-00943,2026-09-06 20:07:03,2026-09-06,2026-09,Sunday,Yes,Dubai,LuLu Al Barsha,Hypermarket,Grocery,Household Cleaning,National Brand,1,39.96,1.6,39.96,39.32,32.79,6.53,In-store,Digital Wallet,No Promotion,35-44,Male,No,4
TXN-00944,2026-09-07 16:45:47,2026-09-07,2026-09,Monday,No,Abu Dhabi,LuLu Al Reem,Express,Grocery,Beverages,National Brand,9,23.22,3.9,208.98,200.83,173.71,27.12,In-store,Cash,No Promotion,45-54,Male,No,2
TXN-00945,2026-09-07 18:37:58,2026-09-07,2026-09,Monday,No,Dubai,LuLu Al Qusais,Hypermarket,Fashion,Kids' Wear,National Brand,1,42.35,20.4,42.35,33.71,27.4,6.31,In-store,Cash,Back to School,35-44,Male,Yes,5
TXN-00946,2026-09-08 21:34:40,2026-09-08,2026-09,Tuesday,No,Sharjah,LuLu Al Nahda,Hypermarket,Electronics,Laptops,National Brand,2,2703.38,13.3,5406.76,4687.66,4646.27,41.39,In-store,Buy Now Pay Later,Back to School,25-34,Male,No,4
TXN-00947,2026-09-08 21:45:06,2026-09-08,2026-09,Tuesday,No,Sharjah,LuLu Al Nahda,Hypermarket,Furniture,Beds & Mattresses,National Brand,2,4120.5,0.0,8241.0,8241.0,5112.32,3128.68,Online,Digital Wallet,No Promotion,25-34,Male,No,4
TXN-00948,2026-09-09 09:41:59,2026-09-09,2026-09,Wednesday,No,Abu Dhabi,LuLu Mushrif,Hypermarket,Fashion,Men's Wear,National Brand,2,45.43,21.7,90.86,71.14,50.54,20.6,In-store,Card,Back to School,25-34,Female,Yes,4
TXN-00949,2026-09-09 11:52:59,2026-09-09,2026-09,Wednesday,No,Ras Al Khaimah,LuLu Al Nakheel,Hypermarket,Home Decor,Wall Art,National Brand,4,287.99,10.1,1151.96,1035.61,633.97,401.64,In-store,Card,Back to School,45-54,Male,Yes,4
TXN-00950,2026-09-10 22:32:47,2026-09-10,2026-09,Thursday,No,Ajman,LuLu Al Jurf,Hypermarket,Grocery,Cooking Oil & Ghee,LuLu Private Label,2,56.0,8.4,112.0,102.59,92.64,9.95,Click & Collect,Card,Back to School,35-44,Male,Yes,4
TXN-00951,2026-09-11 13:02:42,2026-09-11,2026-09,Friday,No,Sharjah,LuLu Muwaileh,Supermarket,Grocery,Beverages,National Brand,1,22.28,1.3,22.28,21.99,19.13,2.86,In-store,Cash,No Promotion,18-24,Male,Yes,3
TXN-00952,2026-09-12 19:22:22,2026-09-12,2026-09,Saturday,Yes,Sharjah,LuLu Al Nahda,Hypermarket,Fashion,Men's Wear,National Brand,4,53.33,10.3,213.32,191.35,108.71,82.64,Online,Card,Weekend Deal,25-34,Male,No,2
TXN-00953,2026-09-12 20:16:21,2026-09-12,2026-09,Saturday,Yes,Dubai,LuLu Al Barsha,Hypermarket,Grocery,Household Cleaning,National Brand,4,10.99,0.0,43.96,43.96,37.55,6.41,In-store,Card,No Promotion,18-24,Male,Yes,3
TXN-00954,2026-09-12 21:27:25,2026-09-12,2026-09,Saturday,Yes,Ajman,LuLu Al Nuaimiya,Express,Fashion,Kids' Wear,LuLu Private Label,2,132.92,12.6,265.84,232.34,170.14,62.2,In-store,Digital Wallet,Weekend Deal,25-34,Female,Yes,5
TXN-00955,2026-09-12 21:30:50,2026-09-12,2026-09,Saturday,Yes,Ras Al Khaimah,LuLu Al Hamra,Supermarket,Grocery,Household Cleaning,LuLu Private Label,6,31.12,8.3,186.72,171.22,160.39,10.83,Click & Collect,Card,Weekend Deal,18-24,Male,Yes,4
TXN-00956,2026-09-13 16:18:13,2026-09-13,2026-09,Sunday,Yes,Abu Dhabi,LuLu Mushrif,Hypermarket,Grocery,Snacks,National Brand,7,11.86,0.0,83.02,83.02,70.0,13.02,In-store,Card,No Promotion,25-34,Male,Yes,4
TXN-00957,2026-09-13 16:40:42,2026-09-13,2026-09,Sunday,Yes,Umm Al Quwain,LuLu UAQ Central,Supermarket,Electronics,Televisions,National Brand,2,1756.81,0.0,3513.62,3513.62,2813.2,700.42,In-store,Buy Now Pay Later,No Promotion,25-34,Male,No,3
TXN-00958,2026-09-13 18:31:55,2026-09-13,2026-09,Sunday,Yes,Dubai,LuLu Al Barsha,Hypermarket,Grocery,Beverages,LuLu Private Label,8,16.38,0.0,131.04,131.04,114.05,16.99,In-store,Cash,No Promotion,55+,Male,No,4
TXN-00959,2026-09-14 10:27:13,2026-09-14,2026-09,Monday,No,Abu Dhabi,LuLu Al Reem,Express,Fresh,Meat & Poultry,LuLu Private Label,4,24.98,0.0,99.92,99.92,75.68,24.24,In-store,Digital Wallet,No Promotion,45-54,Female,No,3
TXN-00960,2026-09-14 12:13:43,2026-09-14,2026-09,Monday,No,Ajman,LuLu Al Nuaimiya,Express,Fresh,Dairy & Eggs,National Brand,1,13.94,2.3,13.94,13.62,11.18,2.44,Online,Digital Wallet,No Promotion,55+,Female,No,3
TXN-00961,2026-09-14 13:15:26,2026-09-14,2026-09,Monday,No,Sharjah,LuLu Al Nahda,Hypermarket,Electronics,Televisions,National Brand,1,2966.78,2.4,2966.78,2895.58,2431.34,464.24,In-store,Digital Wallet,No Promotion,18-24,Male,Yes,4
TXN-00962,2026-09-14 16:30:44,2026-09-14,2026-09,Monday,No,Abu Dhabi,LuLu Khalifa City,Supermarket,Grocery,Cooking Oil & Ghee,National Brand,9,14.78,0.0,133.02,133.02,115.2,17.82,In-store,Card,No Promotion,18-24,Male,Yes,5
TXN-00963,2026-09-14 18:22:22,2026-09-14,2026-09,Monday,No,Sharjah,LuLu Al Majaz,Express,Grocery,Household Cleaning,National Brand,3,8.68,0.0,26.04,26.04,21.03,5.01,In-store,Card,No Promotion,25-34,Female,No,5
TXN-00964,2026-09-14 20:47:07,2026-09-14,2026-09,Monday,No,Fujairah,LuLu Fujairah City,Hypermarket,Fresh,Meat & Poultry,National Brand,7,30.24,0.0,211.68,211.68,168.85,42.83,In-store,Digital Wallet,No Promotion,35-44,Male,Yes,3
TXN-00965,2026-09-15 14:12:41,2026-09-15,2026-09,Tuesday,No,Sharjah,LuLu Muwaileh,Supermarket,Grocery,Rice & Grains,National Brand,9,61.71,0.0,555.39,555.39,445.42,109.97,In-store,Digital Wallet,No Promotion,35-44,Male,Yes,4
TXN-00966,2026-09-15 17:05:40,2026-09-15,2026-09,Tuesday,No,Sharjah,LuLu Al Majaz,Express,Fresh,Dairy & Eggs,National Brand,3,21.53,1.7,64.59,63.49,49.57,13.92,In-store,Digital Wallet,No Promotion,18-24,Male,Yes,5
TXN-00967,2026-09-16 19:50:39,2026-09-16,2026-09,Wednesday,No,Abu Dhabi,LuLu Khalifa City,Supermarket,Fashion,Men's Wear,National Brand,2,111.17,0.0,222.34,222.34,130.45,91.89,In-store,Cash,No Promotion,35-44,Male,No,4
TXN-00968,2026-09-17 09:10:24,2026-09-17,2026-09,Thursday,No,Abu Dhabi,LuLu Al Reem,Express,Grocery,Rice & Grains,LuLu Private Label,4,77.75,0.0,311.0,311.0,258.45,52.55,In-store,Digital Wallet,No Promotion,18-24,Female,No,5
TXN-00969,2026-09-18 16:36:02,2026-09-18,2026-09,Friday,No,Fujairah,LuLu Fujairah City,Hypermarket,Home Decor,Bedding & Linen,LuLu Private Label,1,146.56,3.7,146.56,141.14,92.67,48.47,In-store,Digital Wallet,No Promotion,35-44,Female,No,3
TXN-00970,2026-09-18 21:37:59,2026-09-18,2026-09,Friday,No,Abu Dhabi,LuLu Al Wahda,Hypermarket,Home Decor,Wall Art,LuLu Private Label,2,148.48,0.0,296.96,296.96,194.38,102.58,In-store,Card,No Promotion,45-54,Female,Yes,4
TXN-00971,2026-09-19 15:11:40,2026-09-19,2026-09,Saturday,Yes,Abu Dhabi,LuLu Khalifa City,Supermarket,Home Decor,Kitchenware,LuLu Private Label,1,197.76,0.0,197.76,197.76,117.19,80.57,In-store,Cash,No Promotion,25-34,Female,No,4
TXN-00972,2026-09-19 18:30:18,2026-09-19,2026-09,Saturday,Yes,Sharjah,LuLu Al Nahda,Hypermarket,Home Decor,Kitchenware,National Brand,2,247.73,12.0,495.46,436.0,326.44,109.56,In-store,Card,Weekend Deal,35-44,Female,Yes,4
TXN-00973,2026-09-19 23:50:17,2026-09-19,2026-09,Saturday,Yes,Sharjah,LuLu Al Nahda,Hypermarket,Electronics,Mobile Phones,National Brand,1,645.28,0.0,645.28,645.28,546.9,98.38,In-store,Buy Now Pay Later,No Promotion,35-44,Male,Yes,2
TXN-00974,2026-09-21 08:02:20,2026-09-21,2026-09,Monday,No,Sharjah,LuLu Al Majaz,Express,Grocery,Snacks,LuLu Private Label,8,8.63,0.0,69.04,69.04,59.33,9.71,In-store,Card,No Promotion,25-34,Female,No,3
TXN-00975,2026-09-22 21:02:11,2026-09-22,2026-09,Tuesday,No,Dubai,LuLu Al Qusais,Hypermarket,Fashion,Accessories,National Brand,2,48.36,0.0,96.72,96.72,51.38,45.34,In-store,Card,No Promotion,55+,Female,No,4
TXN-00976,2026-09-22 23:48:29,2026-09-22,2026-09,Tuesday,No,Dubai,LuLu JLT,Express,Grocery,Household Cleaning,LuLu Private Label,4,13.34,1.4,53.36,52.61,46.7,5.91,In-store,Digital Wallet,No Promotion,35-44,Male,Yes,2
TXN-00977,2026-09-22 23:53:15,2026-09-22,2026-09,Tuesday,No,Dubai,LuLu Al Qusais,Hypermarket,Grocery,Snacks,LuLu Private Label,9,14.28,0.0,128.52,128.52,106.42,22.1,In-store,Digital Wallet,No Promotion,25-34,Male,Yes,4
TXN-00978,2026-09-23 16:12:28,2026-09-23,2026-09,Wednesday,No,Dubai,LuLu Al Barsha,Hypermarket,Fashion,Kids' Wear,LuLu Private Label,2,56.65,4.8,113.3,107.86,70.01,37.85,In-store,Digital Wallet,No Promotion,35-44,Male,Yes,2
TXN-00979,2026-09-23 16:20:17,2026-09-23,2026-09,Wednesday,No,Ras Al Khaimah,LuLu Al Nakheel,Hypermarket,Home Decor,Bedding & Linen,National Brand,2,90.86,0.1,181.72,181.54,102.19,79.35,In-store,Digital Wallet,No Promotion,25-34,Male,No,4
TXN-00980,2026-09-23 17:20:42,2026-09-23,2026-09,Wednesday,No,Ajman,LuLu Al Jurf,Hypermarket,Grocery,Household Cleaning,National Brand,7,29.8,0.0,208.6,208.6,178.96,29.64,In-store,Card,No Promotion,45-54,Male,Yes,5
TXN-00981,2026-09-24 10:16:42,2026-09-24,2026-09,Thursday,No,Abu Dhabi,LuLu Al Wahda,Hypermarket,Fresh,Seafood,National Brand,10,39.55,0.0,395.5,395.5,322.29,73.21,In-store,Cash,No Promotion,35-44,Male,Yes,3
TXN-00982,2026-09-24 14:19:00,2026-09-24,2026-09,Thursday,No,Fujairah,LuLu Fujairah City,Hypermarket,Grocery,Beverages,National Brand,8,23.86,1.2,190.88,188.59,157.22,31.37,In-store,Card,No Promotion,55+,Male,No,2
TXN-00983,2026-09-24 16:11:02,2026-09-24,2026-09,Thursday,No,Sharjah,LuLu Al Majaz,Express,Furniture,Sofas,National Brand,1,3080.11,0.0,3080.11,3080.11,2076.16,1003.95,In-store,Digital Wallet,No Promotion,18-24,Female,Yes,5
TXN-00984,2026-09-24 18:55:12,2026-09-24,2026-09,Thursday,No,Dubai,LuLu Silicon Oasis,Supermarket,Home Decor,Bedding & Linen,LuLu Private Label,4,62.58,0.0,250.32,250.32,165.19,85.13,Online,Card,No Promotion,18-24,Male,No,5
TXN-00985,2026-09-24 23:00:29,2026-09-24,2026-09,Thursday,No,Dubai,LuLu JLT,Express,Fresh,Bakery,National Brand,2,14.45,0.0,28.9,28.9,21.93,6.97,In-store,Card,No Promotion,45-54,Female,Yes,5
TXN-00986,2026-09-25 14:12:52,2026-09-25,2026-09,Friday,No,Dubai,LuLu JLT,Express,Grocery,Cooking Oil & Ghee,National Brand,5,48.76,0.0,243.8,243.8,205.01,38.79,In-store,Digital Wallet,No Promotion,25-34,Male,Yes,5
TXN-00987,2026-09-25 18:32:19,2026-09-25,2026-09,Friday,No,Dubai,LuLu JLT,Express,Fresh,Seafood,LuLu Private Label,4,62.96,0.0,251.84,251.84,197.96,53.88,Click & Collect,Card,No Promotion,18-24,Female,No,3
TXN-00988,2026-09-26 17:39:43,2026-09-26,2026-09,Saturday,Yes,Dubai,LuLu JLT,Express,Grocery,Cooking Oil & Ghee,LuLu Private Label,4,14.95,0.7,59.8,59.38,49.78,9.6,Click & Collect,Digital Wallet,No Promotion,35-44,Male,Yes,5
TXN-00989,2026-09-26 19:48:12,2026-09-26,2026-09,Saturday,Yes,Ajman,LuLu Al Jurf,Hypermarket,Grocery,Household Cleaning,LuLu Private Label,1,20.6,1.1,20.6,20.37,17.81,2.56,In-store,Card,No Promotion,25-34,Male,No,5
TXN-00990,2026-09-27 09:05:41,2026-09-27,2026-09,Sunday,Yes,Sharjah,LuLu Muwaileh,Supermarket,Grocery,Snacks,National Brand,10,17.7,8.0,177.0,162.84,144.49,18.35,In-store,Cash,Weekend Deal,18-24,Male,Yes,3
TXN-00991,2026-09-27 10:13:46,2026-09-27,2026-09,Sunday,Yes,Dubai,LuLu Silicon Oasis,Supermarket,Grocery,Rice & Grains,National Brand,9,57.67,11.5,519.03,459.34,439.17,20.17,In-store,Digital Wallet,Weekend Deal,35-44,Female,Yes,3
TXN-00992,2026-09-27 16:21:06,2026-09-27,2026-09,Sunday,Yes,Dubai,LuLu JLT,Express,Fresh,Fruits & Vegetables,LuLu Private Label,10,7.35,0.0,73.5,73.5,59.02,14.48,In-store,Digital Wallet,No Promotion,35-44,Male,Yes,1
TXN-00993,2026-09-28 08:33:43,2026-09-28,2026-09,Monday,No,Sharjah,LuLu Al Majaz,Express,Home Decor,Bedding & Linen,National Brand,1,406.5,0.0,406.5,406.5,264.7,141.8,In-store,Cash,No Promotion,35-44,Female,Yes,5
TXN-00994,2026-09-28 17:35:19,2026-09-28,2026-09,Monday,No,Ajman,LuLu Al Jurf,Hypermarket,Fresh,Bakery,LuLu Private Label,4,7.9,1.6,31.6,31.09,23.17,7.92,In-store,Digital Wallet,No Promotion,25-34,Male,No,2
TXN-00995,2026-09-28 20:07:19,2026-09-28,2026-09,Monday,No,Abu Dhabi,LuLu Al Wahda,Hypermarket,Home Decor,Rugs & Carpets,National Brand,1,200.72,0.0,200.72,200.72,120.52,80.2,In-store,Digital Wallet,No Promotion,25-34,Female,Yes,4
TXN-00996,2026-09-29 15:49:03,2026-09-29,2026-09,Tuesday,No,Dubai,LuLu JLT,Express,Grocery,Household Cleaning,National Brand,5,14.85,0.8,74.25,73.66,60.05,13.61,Online,Card,No Promotion,18-24,Male,No,5
TXN-00997,2026-09-29 18:02:01,2026-09-29,2026-09,Tuesday,No,Ajman,LuLu Al Nuaimiya,Express,Fresh,Bakery,LuLu Private Label,2,11.76,0.0,23.52,23.52,18.92,4.6,In-store,Card,No Promotion,55+,Male,Yes,5
TXN-00998,2026-09-29 19:33:38,2026-09-29,2026-09,Tuesday,No,Abu Dhabi,LuLu Mushrif,Hypermarket,Fashion,Accessories,National Brand,2,87.1,1.3,174.2,171.94,112.08,59.86,Online,Card,No Promotion,25-34,Male,Yes,4
TXN-00999,2026-09-30 19:08:13,2026-09-30,2026-09,Wednesday,No,Dubai,LuLu JLT,Express,Grocery,Snacks,National Brand,3,16.54,0.0,49.62,49.62,42.36,7.26,Online,Card,No Promotion,18-24,Female,Yes,5
TXN-01000,2026-09-30 22:10:07,2026-09-30,2026-09,Wednesday,No,Dubai,LuLu JLT,Express,Fresh,Bakery,National Brand,12,6.5,0.0,78.0,78.0,59.43,18.57,Online,Card,No Promotion,45-54,Male,Yes,4
